Workbook

Sheet P317202504-SBV-ABR25 compensado
A1: CFE - DIVISION CENTRO ORIENTE
A2: Parámetros de Facturación de Servicios Contratados por Permisionarios y sus Centros de Consumo
A3: Proceso del Permisionario: SBV-CE G Sanborns 2, S.A. de C.V.(Planta Sanborns)
A4: Abril del 2025 Período: 1 | Carga Local : 585 | CapacidadFuente : 1154
C5: KWH | H5: KW | L5: KVARH | M5: %FP | N5: KW Base | Q5: KW Inter | T5: KW Punta | W5: KW SemiPunta | Z5: Horas del período | AD5: Factor de carga
C6: Base | D6: Intermedia | E6: Punta | F6: SemiPunta | G6: TOTALES | H6: Base | I6: Intermedia | J6: Punta | K6: SemiPunta | N6: Fecha | O6: Hora | P6: Minutos | Q6: Fecha | R6: Hora | S6: Minutos | T6: Fecha | U6: Hora | V6: Minutos | W6: Fecha | X6: Hora | Y6: Minutos | Z6: Base | AA6: Intermedia | AB6: Punta | AC6: SemiPunta | AD6: Base | AE6: Intermedia | AF6: Punta | AG6: SemiPunta
A7: Resultados del Permisionario | B7: TOTAL PORTEADO O TRANSMISION | C7: 9673 | D7: 15298 | E7: 3891 | F7: 0 | G7: 28862 | H7: 0 | I7: 708 | J7: 0 | K7: 0 | L7: 0 | M7: 1 | N7: 45661 | O7: 0 | P7: 5 | Q7: 45661 | R7: 12 | S7: 50 | T7: 45661 | U7: 18 | V7: 5 | W7: 1 | X7: 0 | Y7: 0 | Z7: 32 | AA7: 70 | AB7: 18 | AC7: 0 | AD7: 0 | AE7: 100 | AF7: 0 | AG7: 0
B8: RESPALDO | C8: 1024 | D8: 10656 | E8: 3891 | F8: 0 | G8: 15572 | H8: 53 | I8: 286 | J8: 271 | K8: 0 | L8: 0 | M8: 1 | N8: 45781 | O8: 4 | P8: 55 | Q8: 45661 | R8: 13 | S8: 20 | T8: 45692 | U8: 18 | V8: 15 | W8: 1 | X8: 0 | Y8: 0 | Z8: 32 | AA8: 70 | AB8: 18 | AC8: 0 | AD8: 100 | AE8: 100 | AF8: 100 | AG8: 0
B9: FP DEL RESPALDO (Suministro Normal de la Planta) | C9: 1024 | D9: 10656 | E9: 3891 | F9: 0 | G9: 15572 | H9: 53 | I9: 286 | J9: 271 | K9: 0 | L9: 5001 | M9: 0.9521 | N9: 45781 | O9: 4 | P9: 55 | Q9: 45661 | R9: 13 | S9: 20 | T9: 45692 | U9: 18 | V9: 15 | W9: 1 | X9: 0 | Y9: 0 | Z9: 32 | AA9: 70 | AB9: 18 | AC9: 0 | AD9: 79.53 | AE9: 95.78 | AF9: 96.7 | AG9: 0
B10: BANDA A FAVOR DEL PERMISIONARIO | C10: 0 | D10: 0 | E10: 0 | F10: 0 | G10: 0 | H10: 0 | I10: 0 | J10: 0 | K10: 0 | L10: 0 | N10: 45661 | O10: 0 | P10: 5 | Q10: 45661 | R10: 6 | S10: 5 | T10: 45661 | U10: 18 | V10: 5 | W10: 1 | X10: 0 | Y10: 0 | Z10: 32 | AA10: 70 | AB10: 18 | AC10: 0 | AD10: 0 | AE10: 0 | AF10: 0 | AG10: 0
B11: BANDA A FAVOR DEL SUMINISTRADOR | C11: 0 | D11: 0 | E11: 0 | F11: 0 | G11: 0 | H11: 0 | I11: 0 | J11: 0 | K11: 0 | L11: 0 | N11: 45661 | O11: 0 | P11: 5 | Q11: 45661 | R11: 6 | S11: 5 | T11: 45661 | U11: 18 | V11: 5 | W11: 1 | X11: 0 | Y11: 0 | Z11: 32 | AA11: 70 | AB11: 18 | AC11: 0 | AD11: 0 | AE11: 0 | AF11: 0 | AG11: 0
B12: EXCEDENTES | C12: 0 | D12: 0 | E12: 0 | F12: 0 | G12: 0 | H12: 0 | I12: 0 | J12: 0 | K12: 0 | L12: 0 | N12: 45661 | O12: 0 | P12: 5 | Q12: 45661 | R12: 6 | S12: 5 | T12: 45661 | U12: 18 | V12: 5 | W12: 1 | X12: 0 | Y12: 0 | Z12: 32 | AA12: 70 | AB12: 18 | AC12: 0 | AD12: 0 | AE12: 0 | AF12: 0 | AG12: 0
B13: ACFE | C13: 0 | D13: 291 | E13: 0 | F13: 0 | G13: 291 | H13: 0 | I13: 708 | J13: 0 | K13: 0 | L13: 0 | M13: 1 | N13: 45661 | O13: 0 | P13: 5 | Q13: 45661 | R13: 12 | S13: 50 | T13: 45661 | U13: 18 | V13: 5 | W13: 1 | X13: 0 | Y13: 0 | Z13: 32 | AA13: 70 | AB13: 18 | AC13: 0 | AD13: 0 | AE13: 100 | AF13: 0 | AG13: 0
B14: APER | C14: 1024 | D14: 10656 | E14: 3891 | F14: 0 | G14: 15572 | H14: 53 | I14: 286 | J14: 271 | K14: 0 | L14: 5001 | M14: 0.9521 | N14: 45781 | O14: 4 | P14: 55 | Q14: 45661 | R14: 13 | S14: 20 | T14: 45692 | U14: 18 | V14: 15 | W14: 1 | X14: 0 | Y14: 0 | Z14: 32 | AA14: 70 | AB14: 18 | AC14: 0 | AD14: 79.53 | AE14: 95.78 | AF14: 96.7 | AG14: 0
B15: PERDIDAS ASIGNADAS | C15: 0 | D15: 0 | E15: 0 | F15: 0 | G15: 0 | H15: 0 | I15: 0 | J15: 0 | K15: 0 | L15: 0 | N15: 45661 | O15: 0 | P15: 5 | Q15: 45661 | R15: 6 | S15: 5 | T15: 45661 | U15: 18 | V15: 5 | W15: 1 | X15: 0 | Y15: 0 | Z15: 32 | AA15: 70 | AB15: 18 | AC15: 0 | AD15: 0 | AE15: 0 | AF15: 0 | AG15: 0
B16: PERDIDAS POR COBRAR | C16: 0 | D16: 0 | E16: 0 | F16: 0 | G16: 0 | H16: 0 | I16: 0 | J16: 0 | K16: 0 | L16: 0 | N16: 45661 | O16: 0 | P16: 5 | Q16: 45661 | R16: 6 | S16: 5 | T16: 45661 | U16: 18 | V16: 5 | W16: 1 | X16: 0 | Y16: 0 | Z16: 32 | AA16: 70 | AB16: 18 | AC16: 0 | AD16: 0 | AE16: 0 | AF16: 0 | AG16: 0
B17: ENERGIA TOTAL
A18: 1 | B18: DM24_988121001107_SANBORN HERMANOS SA | C18: 1590 | D18: 5938 | E18: 1638 | F18: 0 | G18: 9166 | H18: 70 | I18: 135 | J18: 109 | K18: 0 | L18: 3807 | M18: 0.9235 | N18: 45781 | O18: 7 | P18: 25 | Q18: 45781 | R18: 15 | S18: 10 | T18: 45751 | U18: 18 | V18: 40 | W18: 1 | X18: 0 | Y18: 0 | Z18: 32 | AA18: 70 | AB18: 18 | AC18: 0 | AD18: 85.86 | AE18: 93.5 | AF18: 93.8 | AG18: 0
A19: 2 | B19: DL70_140110900810_SEARS OPERADORA MEXICO SA D CV | C19: 1147 | D19: 10452 | E19: 1752 | F19: 0 | G19: 13351 | H19: 41 | I19: 396 | J19: 156 | K19: 0 | L19: 4077 | M19: 0.9564 | N19: 45781 | O19: 7 | P19: 55 | Q19: 45720 | R19: 12 | S19: 50 | T19: 45692 | U19: 18 | V19: 25 | W19: 1 | X19: 0 | Y19: 0 | Z19: 32 | AA19: 70 | AB19: 18 | AC19: 0 | AD19: 100 | AE19: 93.64 | AF19: 99.59 | AG19: 0
A20: 3 | B20: DL10_573900901933_SEARS OPERADORA MEXICO SADECV | C20: 792 | D20: 17432 | E20: 3509 | F20: 0 | G20: 21733 | H20: 46 | I20: 492 | J20: 371 | K20: 0 | L20: 10993 | M20: 0.8923 | N20: 45781 | O20: 7 | P20: 55 | Q20: 45781 | R20: 13 | S20: 40 | T20: 45692 | U20: 18 | V20: 25 | W20: 1 | X20: 0 | Y20: 0 | Z20: 32 | AA20: 70 | AB20: 18 | AC20: 0 | AD20: 82.27 | AE20: 88.85 | AF20: 92.47 | AG20: 0
A21: 4 | B21: DM21_147980903088_SEARS OPERADORA MEXICO SA CV | C21: 892 | D21: 15612 | E21: 3881 | F21: 0 | G21: 20385 | H21: 41 | I21: 468 | J21: 435 | K21: 0 | L21: 6951 | M21: 0.9465 | N21: 45781 | O21: 8 | P21: 0 | Q21: 45692 | R21: 13 | S21: 50 | T21: 45692 | U21: 18 | V21: 30 | W21: 1 | X21: 0 | Y21: 0 | Z21: 32 | AA21: 70 | AB21: 18 | AC21: 0 | AD21: 99.73 | AE21: 93.26 | AF21: 97.72 | AG21: 0
A22: 5 | B22: DM21_147071104134_SANBORN HERMANOS SA*TDA RESTAU | C22: 2483 | D22: 12018 | E22: 3226 | F22: 0 | G22: 17728 | H22: 166 | I22: 214 | J22: 209 | K22: 0 | L22: 8665 | M22: 0.8984 | N22: 45781 | O22: 8 | P22: 0 | Q22: 45751 | R22: 12 | S22: 15 | T22: 45751 | U22: 18 | V22: 35 | W22: 1 | X22: 0 | Y22: 0 | Z22: 32 | AA22: 70 | AB22: 18 | AC22: 0 | AD22: 89.7 | AE22: 89.86 | AF22: 89.9 | AG22: 0
A23: 6 | B23: DL10_573700101479_SANBORN HERMANOS S A | C23: 2241 | D23: 8201 | E23: 1895 | F23: 0 | G23: 12337 | H23: 115 | I23: 184 | J23: 137 | K23: 0 | L23: 5028 | M23: 0.926 | N23: 45781 | O23: 8 | P23: 0 | Q23: 45781 | R23: 12 | S23: 30 | T23: 45751 | U23: 18 | V23: 15 | W23: 1 | X23: 0 | Y23: 0 | Z23: 32 | AA23: 70 | AB23: 18 | AC23: 0 | AD23: 91.51 | AE23: 92.88 | AF23: 92.67 | AG23: 0
A24: 7 | B24: DM24_980121000592_SEARS OPERADORA MEX SA DE CV | C24: 1024 | D24: 10656 | E24: 3891 | F24: 0 | G24: 15572 | H24: 53 | I24: 286 | J24: 271 | K24: 0 | L24: 5001 | M24: 0.9521 | N24: 45781 | O24: 4 | P24: 55 | Q24: 45661 | R24: 13 | S24: 20 | T24: 45692 | U24: 18 | V24: 15 | W24: 1 | X24: 0 | Y24: 0 | Z24: 32 | AA24: 70 | AB24: 18 | AC24: 0 | AD24: 79.53 | AE24: 95.78 | AF24: 96.7 | AG24: 0
B25: ENERGIA NORMAL
A26: 1 | B26: DM24_988121001107_SANBORN HERMANOS SA | C26: 0 | D26: 1535 | E26: 1638 | F26: 0 | G26: 3173 | H26: 0 | I26: 55 | J26: 29 | K26: 0 | L26: 0 | M26: 1 | N26: 45661 | O26: 0 | P26: 5 | Q26: 45781 | R26: 15 | S26: 10 | T26: 45751 | U26: 18 | V26: 40 | W26: 1 | X26: 0 | Y26: 0 | Z26: 32 | AA26: 70 | AB26: 18 | AC26: 0 | AD26: 100 | AE26: 100 | AF26: 100 | AG26: 0
A27: 2 | B27: DL70_140110900810_SEARS OPERADORA MEXICO SA D CV | C27: 0 | D27: 10375 | E27: 1752 | F27: 0 | G27: 12127 | H27: 0 | I27: 336 | J27: 96 | K27: 0 | L27: 0 | M27: 1 | N27: 45661 | O27: 0 | P27: 5 | Q27: 45720 | R27: 12 | S27: 50 | T27: 45692 | U27: 18 | V27: 25 | W27: 1 | X27: 0 | Y27: 0 | Z27: 32 | AA27: 70 | AB27: 18 | AC27: 0 | AD27: 100 | AE27: 100 | AF27: 100 | AG27: 0
A28: 3 | B28: DL10_573900901933_SEARS OPERADORA MEXICO SADECV | C28: 0 | D28: 17337 | E28: 3509 | F28: 0 | G28: 20846 | H28: 0 | I28: 412 | J28: 291 | K28: 0 | L28: 0 | M28: 1 | N28: 45661 | O28: 0 | P28: 5 | Q28: 45781 | R28: 13 | S28: 40 | T28: 45692 | U28: 18 | V28: 25 | W28: 1 | X28: 0 | Y28: 0 | Z28: 32 | AA28: 70 | AB28: 18 | AC28: 0 | AD28: 100 | AE28: 100 | AF28: 100 | AG28: 0
A29: 4 | B29: DM21_147980903088_SEARS OPERADORA MEXICO SA CV | C29: 0 | D29: 15557 | E29: 3881 | F29: 0 | G29: 19438 | H29: 0 | I29: 408 | J29: 376 | K29: 0 | L29: 0 | M29: 1 | N29: 45661 | O29: 0 | P29: 5 | Q29: 45692 | R29: 13 | S29: 50 | T29: 45692 | U29: 18 | V29: 30 | W29: 1 | X29: 0 | Y29: 0 | Z29: 32 | AA29: 70 | AB29: 18 | AC29: 0 | AD29: 100 | AE29: 100 | AF29: 100 | AG29: 0
A30: 5 | B30: DM21_147071104134_SANBORN HERMANOS SA*TDA RESTAU | C30: 0 | D30: 12007 | E30: 3226 | F30: 0 | G30: 15233 | H30: 106 | I30: 154 | J30: 149 | K30: 0 | L30: 0 | M30: 1 | N30: 45781 | O30: 8 | P30: 0 | Q30: 45751 | R30: 12 | S30: 15 | T30: 45751 | U30: 18 | V30: 35 | W30: 1 | X30: 0 | Y30: 0 | Z30: 32 | AA30: 70 | AB30: 18 | AC30: 0 | AD30: 100 | AE30: 100 | AF30: 100 | AG30: 0
A31: 6 | B31: DL10_573700101479_SANBORN HERMANOS S A | C31: 496 | D31: 8201 | E31: 1895 | F31: 0 | G31: 10591 | H31: 58 | I31: 127 | J31: 80 | K31: 0 | L31: 0 | M31: 1 | N31: 45781 | O31: 8 | P31: 0 | Q31: 45781 | R31: 12 | S31: 30 | T31: 45751 | U31: 18 | V31: 15 | W31: 1 | X31: 0 | Y31: 0 | Z31: 32 | AA31: 70 | AB31: 18 | AC31: 0 | AD31: 100 | AE31: 100 | AF31: 100 | AG31: 0
A32: 7 | B32: DM24_980121000592_SEARS OPERADORA MEX SA DE CV | C32: 0 | D32: 0 | E32: 0 | F32: 0 | G32: 0 | H32: 53 | I32: 286 | J32: 271 | K32: 0 | L32: 0 | N32: 45781 | O32: 4 | P32: 55 | Q32: 45661 | R32: 13 | S32: 20 | T32: 45692 | U32: 18 | V32: 15 | W32: 1 | X32: 0 | Y32: 0 | Z32: 32 | AA32: 70 | AB32: 18 | AC32: 0 | AD32: 100 | AE32: 100 | AF32: 100 | AG32: 0
B33: ENERGIA PORTEADA
A34: 1 | B34: DM24_988121001107_SANBORN HERMANOS SA | C34: 1590 | D34: 4403 | E34: 0 | F34: 0 | G34: 5992 | H34: 0 | I34: 107 | J34: 0 | K34: 0 | L34: 0 | M34: 1 | N34: 45661 | O34: 0 | P34: 5 | Q34: 45661 | R34: 12 | S34: 55 | T34: 45661 | U34: 18 | V34: 5 | W34: 1 | X34: 0 | Y34: 0 | Z34: 32 | AA34: 70 | AB34: 18 | AC34: 0 | AD34: 0 | AE34: 100 | AF34: 0 | AG34: 0
A35: 2 | B35: DL70_140110900810_SEARS OPERADORA MEXICO SA D CV | C35: 1147 | D35: 77 | E35: 0 | F35: 0 | G35: 1224 | H35: 0 | I35: 155 | J35: 0 | K35: 0 | L35: 0 | M35: 1 | N35: 45661 | O35: 0 | P35: 5 | Q35: 45661 | R35: 12 | S35: 55 | T35: 45661 | U35: 18 | V35: 5 | W35: 1 | X35: 0 | Y35: 0 | Z35: 32 | AA35: 70 | AB35: 18 | AC35: 0 | AD35: 0 | AE35: 100 | AF35: 0 | AG35: 0
A36: 3 | B36: DL10_573900901933_SEARS OPERADORA MEXICO SADECV | C36: 792 | D36: 95 | E36: 0 | F36: 0 | G36: 887 | H36: 0 | I36: 238 | J36: 0 | K36: 0 | L36: 0 | M36: 1 | N36: 45661 | O36: 0 | P36: 5 | Q36: 45661 | R36: 12 | S36: 45 | T36: 45661 | U36: 18 | V36: 5 | W36: 1 | X36: 0 | Y36: 0 | Z36: 32 | AA36: 70 | AB36: 18 | AC36: 0 | AD36: 0 | AE36: 100 | AF36: 0 | AG36: 0
A37: 4 | B37: DM21_147980903088_SEARS OPERADORA MEXICO SA CV | C37: 892 | D37: 56 | E37: 0 | F37: 0 | G37: 948 | H37: 0 | I37: 168 | J37: 0 | K37: 0 | L37: 0 | M37: 1 | N37: 45661 | O37: 0 | P37: 5 | Q37: 45661 | R37: 12 | S37: 50 | T37: 45661 | U37: 18 | V37: 5 | W37: 1 | X37: 0 | Y37: 0 | Z37: 32 | AA37: 70 | AB37: 18 | AC37: 0 | AD37: 0 | AE37: 100 | AF37: 0 | AG37: 0
A38: 5 | B38: DM21_147071104134_SANBORN HERMANOS SA*TDA RESTAU | C38: 2483 | D38: 12 | E38: 0 | F38: 0 | G38: 2494 | H38: 0 | I38: 47 | J38: 0 | K38: 0 | L38: 0 | M38: 1 | N38: 45661 | O38: 0 | P38: 5 | Q38: 45661 | R38: 12 | S38: 50 | T38: 45661 | U38: 18 | V38: 5 | W38: 1 | X38: 0 | Y38: 0 | Z38: 32 | AA38: 70 | AB38: 18 | AC38: 0 | AD38: 0 | AE38: 100 | AF38: 0 | AG38: 0
A39: 6 | B39: DL10_573700101479_SANBORN HERMANOS S A | C39: 1745 | D39: 0 | E39: 0 | F39: 0 | G39: 1745 | H39: 0 | I39: 0 | J39: 0 | K39: 0 | L39: 0 | M39: 1 | N39: 45661 | O39: 0 | P39: 5 | Q39: 45661 | R39: 6 | S39: 5 | T39: 45661 | U39: 18 | V39: 5 | W39: 1 | X39: 0 | Y39: 0 | Z39: 32 | AA39: 70 | AB39: 18 | AC39: 0 | AD39: 0 | AE39: 0 | AF39: 0 | AG39: 0
A40: 7 | B40: DM24_980121000592_SEARS OPERADORA MEX SA DE CV | C40: 1024 | D40: 10656 | E40: 3891 | F40: 0 | G40: 15572 | H40: 0 | I40: 0 | J40: 0 | K40: 0 | L40: 0 | M40: 1 | N40: 45661 | O40: 0 | P40: 5 | Q40: 45661 | R40: 6 | S40: 5 | T40: 45661 | U40: 18 | V40: 5 | W40: 1 | X40: 0 | Y40: 0 | Z40: 32 | AA40: 70 | AB40: 18 | AC40: 0 | AD40: 0 | AE40: 0 | AF40: 0 | AG40: 0
B41: ENERGIA NORMAL POR FALTANTE
A42: 1 | B42: DM24_988121001107_SANBORN HERMANOS SA | C42: 0 | D42: 1418 | E42: 1635 | F42: 0 | G42: 3054 | H42: 70 | I42: 107 | J42: 107 | K42: 0 | L42: 0 | M42: 1 | N42: 45781 | O42: 7 | P42: 25 | Q42: 45661 | R42: 15 | S42: 0 | T42: 45751 | U42: 18 | V42: 20 | W42: 1 | X42: 0 | Y42: 0 | Z42: 32 | AA42: 70 | AB42: 18 | AC42: 0 | AD42: 100 | AE42: 100 | AF42: 100 | AG42: 0
A43: 2 | B43: DL70_140110900810_SEARS OPERADORA MEXICO SA D CV | C43: 0 | D43: 7399 | E43: 1752 | F43: 0 | G43: 9151 | H43: 41 | I43: 178 | J43: 156 | K43: 0 | L43: 0 | M43: 1 | N43: 45781 | O43: 7 | P43: 55 | Q43: 45720 | R43: 12 | S43: 45 | T43: 45692 | U43: 18 | V43: 25 | W43: 1 | X43: 0 | Y43: 0 | Z43: 32 | AA43: 70 | AB43: 18 | AC43: 0 | AD43: 100 | AE43: 100 | AF43: 100 | AG43: 0
A44: 3 | B44: DL10_573900901933_SEARS OPERADORA MEXICO SADECV | C44: 0 | D44: 11094 | E44: 3227 | F44: 0 | G44: 14321 | H44: 46 | I44: 238 | J44: 238 | K44: 0 | L44: 0 | M44: 1 | N44: 45781 | O44: 7 | P44: 55 | Q44: 45661 | R44: 10 | S44: 20 | T44: 45661 | U44: 18 | V44: 15 | W44: 1 | X44: 0 | Y44: 0 | Z44: 32 | AA44: 70 | AB44: 18 | AC44: 0 | AD44: 100 | AE44: 100 | AF44: 100 | AG44: 0
A45: 4 | B45: DM21_147980903088_SEARS OPERADORA MEXICO SA CV | C45: 0 | D45: 7469 | E45: 2683 | F45: 0 | G45: 10152 | H45: 41 | I45: 168 | J45: 168 | K45: 0 | L45: 0 | M45: 1 | N45: 45781 | O45: 8 | P45: 0 | Q45: 45661 | R45: 11 | S45: 10 | T45: 45661 | U45: 18 | V45: 15 | W45: 1 | X45: 0 | Y45: 0 | Z45: 32 | AA45: 70 | AB45: 18 | AC45: 0 | AD45: 100 | AE45: 100 | AF45: 100 | AG45: 0
A46: 5 | B46: DM21_147071104134_SANBORN HERMANOS SA*TDA RESTAU | C46: 0 | D46: 10985 | E46: 2979 | F46: 0 | G46: 13963 | H46: 166 | I46: 169 | J46: 169 | K46: 0 | L46: 0 | M46: 1 | N46: 45781 | O46: 8 | P46: 0 | Q46: 45661 | R46: 10 | S46: 15 | T46: 45661 | U46: 18 | V46: 40 | W46: 1 | X46: 0 | Y46: 0 | Z46: 32 | AA46: 70 | AB46: 18 | AC46: 0 | AD46: 100 | AE46: 100 | AF46: 100 | AG46: 0
A47: 6 | B47: DL10_573700101479_SANBORN HERMANOS S A | C47: 0 | D47: 3988 | E47: 1026 | F47: 0 | G47: 5014 | H47: 57 | I47: 57 | J47: 57 | K47: 0 | L47: 0 | M47: 1 | N47: 45692 | O47: 0 | P47: 15 | Q47: 45661 | R47: 6 | S47: 45 | T47: 45661 | U47: 18 | V47: 15 | W47: 1 | X47: 0 | Y47: 0 | Z47: 32 | AA47: 70 | AB47: 18 | AC47: 0 | AD47: 100 | AE47: 100 | AF47: 100 | AG47: 0
A48: 7 | B48: DM24_980121000592_SEARS OPERADORA MEX SA DE CV | C48: 0 | D48: 0 | E48: 0 | F48: 0 | G48: 0 | H48: 53 | I48: 286 | J48: 271 | K48: 0 | L48: 0 | N48: 45781 | O48: 4 | P48: 55 | Q48: 45661 | R48: 13 | S48: 20 | T48: 45692 | U48: 18 | V48: 15 | W48: 1 | X48: 0 | Y48: 0 | Z48: 32 | AA48: 70 | AB48: 18 | AC48: 0 | AD48: 100 | AE48: 100 | AF48: 100 | AG48: 0
B49: RESPALDO POR CARGA
A50: 1 | B50: DM24_988121001107_SANBORN HERMANOS SA | C50: 0 | D50: 0 | E50: 0 | F50: 0 | G50: 0 | H50: 0 | I50: 0 | J50: 0 | K50: 0 | L50: 0 | N50: 45661 | O50: 0 | P50: 5 | Q50: 45661 | R50: 6 | S50: 5 | T50: 45661 | U50: 18 | V50: 5 | W50: 1 | X50: 0 | Y50: 0 | Z50: 32 | AA50: 70 | AB50: 18 | AC50: 0 | AD50: 0 | AE50: 0 | AF50: 0 | AG50: 0
A51: 2 | B51: DL70_140110900810_SEARS OPERADORA MEXICO SA D CV | C51: 0 | D51: 0 | E51: 0 | F51: 0 | G51: 0 | H51: 0 | I51: 0 | J51: 0 | K51: 0 | L51: 0 | N51: 45661 | O51: 0 | P51: 5 | Q51: 45661 | R51: 6 | S51: 5 | T51: 45661 | U51: 18 | V51: 5 | W51: 1 | X51: 0 | Y51: 0 | Z51: 32 | AA51: 70 | AB51: 18 | AC51: 0 | AD51: 0 | AE51: 0 | AF51: 0 | AG51: 0
A52: 3 | B52: DL10_573900901933_SEARS OPERADORA MEXICO SADECV | C52: 0 | D52: 0 | E52: 0 | F52: 0 | G52: 0 | H52: 0 | I52: 0 | J52: 0 | K52: 0 | L52: 0 | N52: 45661 | O52: 0 | P52: 5 | Q52: 45661 | R52: 6 | S52: 5 | T52: 45661 | U52: 18 | V52: 5 | W52: 1 | X52: 0 | Y52: 0 | Z52: 32 | AA52: 70 | AB52: 18 | AC52: 0 | AD52: 0 | AE52: 0 | AF52: 0 | AG52: 0
A53: 4 | B53: DM21_147980903088_SEARS OPERADORA MEXICO SA CV | C53: 0 | D53: 0 | E53: 0 | F53: 0 | G53: 0 | H53: 0 | I53: 0 | J53: 0 | K53: 0 | L53: 0 | N53: 45661 | O53: 0 | P53: 5 | Q53: 45661 | R53: 6 | S53: 5 | T53: 45661 | U53: 18 | V53: 5 | W53: 1 | X53: 0 | Y53: 0 | Z53: 32 | AA53: 70 | AB53: 18 | AC53: 0 | AD53: 0 | AE53: 0 | AF53: 0 | AG53: 0
A54: 5 | B54: DM21_147071104134_SANBORN HERMANOS SA*TDA RESTAU | C54: 0 | D54: 0 | E54: 0 | F54: 0 | G54: 0 | H54: 0 | I54: 0 | J54: 0 | K54: 0 | L54: 0 | N54: 45661 | O54: 0 | P54: 5 | Q54: 45661 | R54: 6 | S54: 5 | T54: 45661 | U54: 18 | V54: 5 | W54: 1 | X54: 0 | Y54: 0 | Z54: 32 | AA54: 70 | AB54: 18 | AC54: 0 | AD54: 0 | AE54: 0 | AF54: 0 | AG54: 0
A55: 6 | B55: DL10_573700101479_SANBORN HERMANOS S A | C55: 0 | D55: 0 | E55: 0 | F55: 0 | G55: 0 | H55: 0 | I55: 0 | J55: 0 | K55: 0 | L55: 0 | N55: 45661 | O55: 0 | P55: 5 | Q55: 45661 | R55: 6 | S55: 5 | T55: 45661 | U55: 18 | V55: 5 | W55: 1 | X55: 0 | Y55: 0 | Z55: 32 | AA55: 70 | AB55: 18 | AC55: 0 | AD55: 0 | AE55: 0 | AF55: 0 | AG55: 0
A56: 7 | B56: DM24_980121000592_SEARS OPERADORA MEX SA DE CV | C56: 0 | D56: 0 | E56: 0 | F56: 0 | G56: 0 | H56: 0 | I56: 0 | J56: 0 | K56: 0 | L56: 0 | N56: 45661 | O56: 0 | P56: 5 | Q56: 45661 | R56: 6 | S56: 5 | T56: 45661 | U56: 18 | V56: 5 | W56: 1 | X56: 0 | Y56: 0 | Z56: 32 | AA56: 70 | AB56: 18 | AC56: 0 | AD56: 0 | AE56: 0 | AF56: 0 | AG56: 0
A57: CFE - DIVISION CENTRO ORIENTE
A58: Parámetros de Facturación de Servicios Contratados por Permisionarios y sus Centros de Consumo
A59: Proceso del Permisionario: SBV-CE G Sanborns 2, S.A. de C.V.(Planta Sanborns)
A60: Abril del 2025 Período: 2 | Carga Local : 585 | CapacidadFuente : 1154
C61: KWH | H61: KW | L61: KVARH | M61: %FP | N61: KW Base | Q61: KW Inter | T61: KW Punta | W61: KW SemiPunta | Z61: Horas del período | AD61: Factor de carga
C62: Base | D62: Intermedia | E62: Punta | F62: SemiPunta | G62: TOTALES | H62: Base | I62: Intermedia | J62: Punta | K62: SemiPunta | N62: Fecha | O62: Hora | P62: Minutos | Q62: Fecha | R62: Hora | S62: Minutos | T62: Fecha | U62: Hora | V62: Minutos | W62: Fecha | X62: Hora | Y62: Minutos | Z62: Base | AA62: Intermedia | AB62: Punta | AC62: SemiPunta | AD62: Base | AE62: Intermedia | AF62: Punta | AG62: SemiPunta
A63: Resultados del Permisionario | B63: TOTAL PORTEADO O TRANSMISION | C63: 84593 | D63: 140891 | E63: 12032 | F63: 0 | G63: 237516 | H63: 756 | I63: 790 | J63: 743 | K63: 0 | L63: 0 | M63: 1 | N63: 4/20/2025 | O63: 10 | P63: 55 | Q63: 4/25/2025 | R63: 10 | S63: 50 | T63: 4/25/2025 | U63: 20 | V63: 45 | W63: 1 | X63: 0 | Y63: 0 | Z63: 205 | AA63: 359 | AB63: 36 | AC63: 0 | AD63: 100 | AE63: 100 | AF63: 100 | AG63: 0
B64: RESPALDO | C64: 7415 | D64: 26098 | E64: 2206 | F64: 0 | G64: 35719 | H64: 270 | I64: 336 | J64: 242 | K64: 0 | L64: 0 | M64: 1 | N64: 4/13/2025 | O64: 16 | P64: 15 | Q64: 4/22/2025 | R64: 12 | S64: 0 | T64: 45873 | U64: 20 | V64: 15 | W64: 1 | X64: 0 | Y64: 0 | Z64: 205 | AA64: 359 | AB64: 36 | AC64: 0 | AD64: 100 | AE64: 100 | AF64: 100 | AG64: 0
B65: FP DEL RESPALDO (Suministro Normal de la Planta) | C65: 7415 | D65: 26098 | E65: 2206 | F65: 0 | G65: 35719 | H65: 270 | I65: 336 | J65: 242 | K65: 0 | L65: 12790 | M65: 0.9415 | N65: 4/13/2025 | O65: 16 | P65: 15 | Q65: 4/22/2025 | R65: 12 | S65: 0 | T65: 45873 | U65: 20 | V65: 15 | W65: 1 | X65: 0 | Y65: 0 | Z65: 205 | AA65: 359 | AB65: 36 | AC65: 0 | AD65: 90.17 | AE65: 94.78 | AF65: 97.9 | AG65: 0
B66: BANDA A FAVOR DEL PERMISIONARIO | C66: 0 | D66: 0 | E66: 0 | F66: 0 | G66: 0 | H66: 0 | I66: 0 | J66: 0 | K66: 0 | L66: 0 | N66: 45812 | O66: 0 | P66: 5 | Q66: 45812 | R66: 19 | S66: 5 | T66: 45842 | U66: 20 | V66: 5 | W66: 1 | X66: 0 | Y66: 0 | Z66: 205 | AA66: 359 | AB66: 36 | AC66: 0 | AD66: 0 | AE66: 0 | AF66: 0 | AG66: 0
B67: BANDA A FAVOR DEL SUMINISTRADOR | C67: 0 | D67: 0 | E67: 0 | F67: 0 | G67: 0 | H67: 0 | I67: 0 | J67: 0 | K67: 0 | L67: 0 | N67: 45812 | O67: 0 | P67: 5 | Q67: 45812 | R67: 19 | S67: 5 | T67: 45842 | U67: 20 | V67: 5 | W67: 1 | X67: 0 | Y67: 0 | Z67: 205 | AA67: 359 | AB67: 36 | AC67: 0 | AD67: 0 | AE67: 0 | AF67: 0 | AG67: 0
B68: EXCEDENTES | C68: 0 | D68: 0 | E68: 0 | F68: 0 | G68: 0 | H68: 692 | I68: 679 | J68: 573 | K68: 0 | L68: 0 | N68: 4/27/2025 | O68: 4 | P68: 10 | Q68: 4/16/2025 | R68: 24 | S68: 0 | T68: 4/18/2025 | U68: 21 | V68: 50 | W68: 1 | X68: 0 | Y68: 0 | Z68: 205 | AA68: 359 | AB68: 36 | AC68: 0 | AD68: 100 | AE68: 100 | AF68: 100 | AG68: 0
B69: ACFE | C69: 96272 | D69: 154810 | E69: 15925 | F69: 0 | G69: 267007 | H69: 926 | I69: 924 | J69: 907 | K69: 0 | L69: 2321 | M69: 1 | N69: 4/27/2025 | O69: 6 | P69: 45 | Q69: 4/30/2025 | R69: 7 | S69: 0 | T69: 4/29/2025 | U69: 22 | V69: 0 | W69: 1 | X69: 0 | Y69: 0 | Z69: 205 | AA69: 359 | AB69: 36 | AC69: 0 | AD69: 99.99 | AE69: 100 | AF69: 99.98 | AG69: 0
B70: APER | C70: 7434 | D70: 26208 | E70: 2208 | F70: 0 | G70: 35849 | H70: 292 | I70: 336 | J70: 242 | K70: 0 | L70: 12842 | M70: 0.9414 | N70: 4/27/2025 | O70: 15 | P70: 45 | Q70: 4/22/2025 | R70: 12 | S70: 0 | T70: 45873 | U70: 20 | V70: 15 | W70: 1 | X70: 0 | Y70: 0 | Z70: 205 | AA70: 359 | AB70: 36 | AC70: 0 | AD70: 90.19 | AE70: 94.78 | AF70: 97.9 | AG70: 0
B71: PERDIDAS ASIGNADAS | C71: 0 | D71: 0 | E71: 0 | F71: 0 | G71: 0 | H71: 0 | I71: 0 | J71: 0 | K71: 0 | L71: 0 | N71: 45812 | O71: 0 | P71: 5 | Q71: 45812 | R71: 19 | S71: 5 | T71: 45842 | U71: 20 | V71: 5 | W71: 1 | X71: 0 | Y71: 0 | Z71: 205 | AA71: 359 | AB71: 36 | AC71: 0 | AD71: 0 | AE71: 0 | AF71: 0 | AG71: 0
B72: PERDIDAS POR COBRAR | C72: 0 | D72: 0 | E72: 0 | F72: 0 | G72: 0 | H72: 0 | I72: 0 | J72: 0 | K72: 0 | L72: 0 | N72: 45812 | O72: 0 | P72: 5 | Q72: 45812 | R72: 19 | S72: 5 | T72: 45842 | U72: 20 | V72: 5 | W72: 1 | X72: 0 | Y72: 0 | Z72: 205 | AA72: 359 | AB72: 36 | AC72: 0 | AD72: 0 | AE72: 0 | AF72: 0 | AG72: 0
B73: ENERGIA TOTAL
A74: 1 | B74: DM24_988121001107_SANBORN HERMANOS SA | C74: 11612 | D74: 29573 | E74: 2929 | F74: 0 | G74: 44114 | H74: 134 | I74: 138 | J74: 118 | K74: 0 | L74: 17631 | M74: 0.9286 | N74: 4/20/2025 | O74: 14 | P74: 35 | Q74: 4/26/2025 | R74: 16 | S74: 30 | T74: 4/21/2025 | U74: 21 | V74: 35 | W74: 1 | X74: 0 | Y74: 0 | Z74: 205 | AA74: 359 | AB74: 36 | AC74: 0 | AD74: 90.22 | AE74: 93.76 | AF74: 93.54 | AG74: 0
A75: 2 | B75: DL70_140110900810_SEARS OPERADORA MEXICO SA D CV | C75: 13247 | D75: 42310 | E75: 2406 | F75: 0 | G75: 57963 | H75: 350 | I75: 357 | J75: 108 | K75: 0 | L75: 14942 | M75: 0.9683 | N75: 45812 | O75: 11 | P75: 20 | Q75: 45842 | R75: 14 | S75: 55 | T75: 4/21/2025 | U75: 20 | V75: 35 | W75: 1 | X75: 0 | Y75: 0 | Z75: 205 | AA75: 359 | AB75: 36 | AC75: 0 | AD75: 97.83 | AE75: 96.12 | AF75: 100 | AG75: 0
A76: 3 | B76: DL10_573900901933_SEARS OPERADORA MEXICO SADECV | C76: 18712 | D76: 88620 | E76: 4050 | F76: 0 | G76: 111381 | H76: 483 | I76: 495 | J76: 256 | K76: 0 | L76: 57353 | M76: 0.8891 | N76: 4/27/2025 | O76: 13 | P76: 40 | Q76: 4/30/2025 | R76: 13 | S76: 5 | T76: 45965 | U76: 20 | V76: 15 | W76: 1 | X76: 0 | Y76: 0 | Z76: 205 | AA76: 359 | AB76: 36 | AC76: 0 | AD76: 86.86 | AE76: 88.84 | AF76: 97.7 | AG76: 0
A77: 4 | B77: DM21_147980903088_SEARS OPERADORA MEXICO SA CV | C77: 17436 | D77: 75700 | E77: 4990 | F77: 0 | G77: 98126 | H77: 506 | I77: 506 | J77: 255 | K77: 0 | L77: 30926 | M77: 0.9538 | N77: 4/27/2025 | O77: 13 | P77: 45 | Q77: 4/26/2025 | R77: 16 | S77: 35 | T77: 4/22/2025 | U77: 20 | V77: 15 | W77: 1 | X77: 0 | Y77: 0 | Z77: 205 | AA77: 359 | AB77: 36 | AC77: 0 | AD77: 96.04 | AE77: 94.76 | AF77: 99.75 | AG77: 0
A78: 5 | B78: DM21_147071104134_SANBORN HERMANOS SA*TDA RESTAU | C78: 20178 | D78: 58241 | E78: 5532 | F78: 0 | G78: 83951 | H78: 231 | I78: 240 | J78: 220 | K78: 0 | L78: 39628 | M78: 0.9043 | N78: 4/27/2025 | O78: 13 | P78: 15 | Q78: 4/25/2025 | R78: 16 | S78: 35 | T78: 4/25/2025 | U78: 20 | V78: 35 | W78: 1 | X78: 0 | Y78: 0 | Z78: 205 | AA78: 359 | AB78: 36 | AC78: 0 | AD78: 90.61 | AE78: 90.33 | AF78: 90.78 | AG78: 0
A79: 6 | B79: DL10_573700101479_SANBORN HERMANOS S A | C79: 15298 | D79: 39451 | E79: 3141 | F79: 0 | G79: 57890 | H79: 178 | I79: 168 | J79: 128 | K79: 0 | L79: 23669 | M79: 0.9256 | N79: 45812 | O79: 11 | P79: 35 | Q79: 4/19/2025 | R79: 12 | S79: 50 | T79: 4/18/2025 | U79: 20 | V79: 25 | W79: 1 | X79: 0 | Y79: 0 | Z79: 205 | AA79: 359 | AB79: 36 | AC79: 0 | AD79: 91.89 | AE79: 92.84 | AF79: 92.26 | AG79: 0
A80: 7 | B80: DM24_980121000592_SEARS OPERADORA MEX SA DE CV | C80: 7415 | D80: 26098 | E80: 2206 | F80: 0 | G80: 35719 | H80: 270 | I80: 336 | J80: 242 | K80: 0 | L80: 12841 | M80: 0.941 | N80: 4/13/2025 | O80: 16 | P80: 15 | Q80: 4/22/2025 | R80: 12 | S80: 0 | T80: 45873 | U80: 20 | V80: 15 | W80: 1 | X80: 0 | Y80: 0 | Z80: 205 | AA80: 359 | AB80: 36 | AC80: 0 | AD80: 90.14 | AE80: 94.74 | AF80: 97.89 | AG80: 0
B81: ENERGIA NORMAL
A82: 1 | B82: DM24_988121001107_SANBORN HERMANOS SA | C82: 71 | D82: 11704 | E82: 1077 | F82: 0 | G82: 12852 | H82: 55 | I82: 58 | J82: 39 | K82: 0 | L82: 0 | M82: 1 | N82: 4/20/2025 | O82: 14 | P82: 35 | Q82: 4/26/2025 | R82: 16 | S82: 30 | T82: 4/21/2025 | U82: 21 | V82: 35 | W82: 1 | X82: 0 | Y82: 0 | Z82: 205 | AA82: 359 | AB82: 36 | AC82: 0 | AD82: 100 | AE82: 100 | AF82: 100 | AG82: 0
A83: 2 | B83: DL70_140110900810_SEARS OPERADORA MEXICO SA D CV | C83: 1695 | D83: 20455 | E83: 901 | F83: 0 | G83: 23052 | H83: 291 | I83: 298 | J83: 49 | K83: 0 | L83: 0 | M83: 1 | N83: 45812 | O83: 11 | P83: 20 | Q83: 45842 | R83: 14 | S83: 55 | T83: 4/21/2025 | U83: 20 | V83: 35 | W83: 1 | X83: 0 | Y83: 0 | Z83: 205 | AA83: 359 | AB83: 36 | AC83: 0 | AD83: 100 | AE83: 100 | AF83: 100 | AG83: 0
A84: 3 | B84: DL10_573900901933_SEARS OPERADORA MEXICO SADECV | C84: 5803 | D84: 54567 | E84: 1683 | F84: 0 | G84: 62053 | H84: 403 | I84: 416 | J84: 177 | K84: 0 | L84: 0 | M84: 1 | N84: 4/27/2025 | O84: 13 | P84: 40 | Q84: 4/30/2025 | R84: 13 | S84: 5 | T84: 45965 | U84: 20 | V84: 15 | W84: 1 | X84: 0 | Y84: 0 | Z84: 205 | AA84: 359 | AB84: 36 | AC84: 0 | AD84: 100 | AE84: 100 | AF84: 100 | AG84: 0
A85: 4 | B85: DM21_147980903088_SEARS OPERADORA MEXICO SA CV | C85: 6493 | D85: 54253 | E85: 2506 | F85: 0 | G85: 63253 | H85: 447 | I85: 446 | J85: 196 | K85: 0 | L85: 0 | M85: 1 | N85: 4/27/2025 | O85: 13 | P85: 45 | Q85: 4/26/2025 | R85: 16 | S85: 35 | T85: 4/22/2025 | U85: 20 | V85: 15 | W85: 1 | X85: 0 | Y85: 0 | Z85: 205 | AA85: 359 | AB85: 36 | AC85: 0 | AD85: 100 | AE85: 100 | AF85: 100 | AG85: 0
A86: 5 | B86: DM21_147071104134_SANBORN HERMANOS SA*TDA RESTAU | C86: 891 | D86: 44003 | E86: 2704 | F86: 0 | G86: 47598 | H86: 171 | I86: 180 | J86: 161 | K86: 0 | L86: 0 | M86: 1 | N86: 4/27/2025 | O86: 13 | P86: 15 | Q86: 4/25/2025 | R86: 16 | S86: 35 | T86: 4/25/2025 | U86: 20 | V86: 35 | W86: 1 | X86: 0 | Y86: 0 | Z86: 205 | AA86: 359 | AB86: 36 | AC86: 0 | AD86: 100 | AE86: 100 | AF86: 100 | AG86: 0
A87: 6 | B87: DL10_573700101479_SANBORN HERMANOS S A | C87: 4351 | D87: 34120 | E87: 2209 | F87: 0 | G87: 40681 | H87: 121 | I87: 111 | J87: 71 | K87: 0 | L87: 0 | M87: 1 | N87: 45812 | O87: 11 | P87: 35 | Q87: 4/19/2025 | R87: 12 | S87: 50 | T87: 4/18/2025 | U87: 20 | V87: 25 | W87: 1 | X87: 0 | Y87: 0 | Z87: 205 | AA87: 359 | AB87: 36 | AC87: 0 | AD87: 100 | AE87: 100 | AF87: 100 | AG87: 0
A88: 7 | B88: DM24_980121000592_SEARS OPERADORA MEX SA DE CV | C88: 0 | D88: 0 | E88: 2140 | F88: 0 | G88: 2140 | H88: 270 | I88: 336 | J88: 242 | K88: 0 | L88: 0 | M88: 1 | N88: 4/13/2025 | O88: 16 | P88: 15 | Q88: 4/22/2025 | R88: 12 | S88: 0 | T88: 45873 | U88: 20 | V88: 15 | W88: 1 | X88: 0 | Y88: 0 | Z88: 205 | AA88: 359 | AB88: 36 | AC88: 0 | AD88: 100 | AE88: 100 | AF88: 100 | AG88: 0
B89: ENERGIA PORTEADA
A90: 1 | B90: DM24_988121001107_SANBORN HERMANOS SA | C90: 11541 | D90: 17870 | E90: 1851 | F90: 0 | G90: 31262 | H90: 107 | I90: 107 | J90: 107 | K90: 0 | L90: 0 | M90: 1 | N90: 4/20/2025 | O90: 13 | P90: 30 | Q90: 4/19/2025 | R90: 19 | S90: 30 | T90: 4/21/2025 | U90: 21 | V90: 0 | W90: 1 | X90: 0 | Y90: 0 | Z90: 205 | AA90: 359 | AB90: 36 | AC90: 0 | AD90: 100 | AE90: 100 | AF90: 100 | AG90: 0
A91: 2 | B91: DL70_140110900810_SEARS OPERADORA MEXICO SA D CV | C91: 11551 | D91: 21855 | E91: 1505 | F91: 0 | G91: 34911 | H91: 178 | I91: 178 | J91: 108 | K91: 0 | L91: 0 | M91: 1 | N91: 4/27/2025 | O91: 11 | P91: 10 | Q91: 4/15/2025 | R91: 12 | S91: 50 | T91: 4/21/2025 | U91: 20 | V91: 35 | W91: 1 | X91: 0 | Y91: 0 | Z91: 205 | AA91: 359 | AB91: 36 | AC91: 0 | AD91: 100 | AE91: 100 | AF91: 100 | AG91: 0
A92: 3 | B92: DL10_573900901933_SEARS OPERADORA MEXICO SADECV | C92: 12909 | D92: 34053 | E92: 2367 | F92: 0 | G92: 49328 | H92: 238 | I92: 238 | J92: 238 | K92: 0 | L92: 0 | M92: 1 | N92: 4/20/2025 | O92: 10 | P92: 15 | Q92: 4/14/2025 | R92: 11 | S92: 15 | T92: 4/21/2025 | U92: 20 | V92: 15 | W92: 1 | X92: 0 | Y92: 0 | Z92: 205 | AA92: 359 | AB92: 36 | AC92: 0 | AD92: 100 | AE92: 100 | AF92: 100 | AG92: 0
A93: 4 | B93: DM21_147980903088_SEARS OPERADORA MEXICO SA CV | C93: 10943 | D93: 21447 | E93: 2484 | F93: 0 | G93: 34874 | H93: 168 | I93: 168 | J93: 168 | K93: 0 | L93: 0 | M93: 1 | N93: 4/20/2025 | O93: 11 | P93: 10 | Q93: 4/14/2025 | R93: 11 | S93: 15 | T93: 4/17/2025 | U93: 20 | V93: 15 | W93: 1 | X93: 0 | Y93: 0 | Z93: 205 | AA93: 359 | AB93: 36 | AC93: 0 | AD93: 100 | AE93: 100 | AF93: 100 | AG93: 0
A94: 5 | B94: DM21_147071104134_SANBORN HERMANOS SA*TDA RESTAU | C94: 19287 | D94: 14238 | E94: 2828 | F94: 0 | G94: 36353 | H94: 169 | I94: 169 | J94: 169 | K94: 0 | L94: 0 | M94: 1 | N94: 4/20/2025 | O94: 9 | P94: 15 | Q94: 4/16/2025 | R94: 9 | S94: 15 | T94: 4/22/2025 | U94: 20 | V94: 25 | W94: 1 | X94: 0 | Y94: 0 | Z94: 205 | AA94: 359 | AB94: 36 | AC94: 0 | AD94: 100 | AE94: 100 | AF94: 100 | AG94: 0
A95: 6 | B95: DL10_573700101479_SANBORN HERMANOS S A | C95: 10947 | D95: 5331 | E95: 932 | F95: 0 | G95: 17210 | H95: 57 | I95: 57 | J95: 57 | K95: 0 | L95: 0 | M95: 1 | N95: 4/16/2025 | O95: 5 | P95: 55 | Q95: 4/14/2025 | R95: 8 | S95: 35 | T95: 4/15/2025 | U95: 21 | V95: 40 | W95: 1 | X95: 0 | Y95: 0 | Z95: 205 | AA95: 359 | AB95: 36 | AC95: 0 | AD95: 100 | AE95: 100 | AF95: 100 | AG95: 0
A96: 7 | B96: DM24_980121000592_SEARS OPERADORA MEX SA DE CV | C96: 7415 | D96: 26098 | E96: 66 | F96: 0 | G96: 33579 | H96: 0 | I96: 0 | J96: 0 | K96: 0 | L96: 0 | M96: 1 | N96: 45812 | O96: 0 | P96: 5 | Q96: 45812 | R96: 19 | S96: 5 | T96: 45842 | U96: 20 | V96: 5 | W96: 1 | X96: 0 | Y96: 0 | Z96: 205 | AA96: 359 | AB96: 36 | AC96: 0 | AD96: 0 | AE96: 0 | AF96: 0 | AG96: 0
B97: ENERGIA NORMAL POR FALTANTE
A98: 1 | B98: DM24_988121001107_SANBORN HERMANOS SA | C98: 0 | D98: 11397 | E98: 1070 | F98: 0 | G98: 12467 | H98: 107 | I98: 107 | J98: 103 | K98: 0 | L98: 0 | M98: 1 | N98: 45812 | O98: 11 | P98: 35 | Q98: 45812 | R98: 19 | S98: 25 | T98: 45842 | U98: 21 | V98: 10 | W98: 1 | X98: 0 | Y98: 0 | Z98: 205 | AA98: 359 | AB98: 36 | AC98: 0 | AD98: 100 | AE98: 100 | AF98: 100 | AG98: 0
A99: 2 | B99: DL70_140110900810_SEARS OPERADORA MEXICO SA D CV | C99: 0 | D99: 14568 | E99: 901 | F99: 0 | G99: 15469 | H99: 178 | I99: 178 | J99: 103 | K99: 0 | L99: 0 | M99: 1 | N99: 45812 | O99: 11 | P99: 20 | Q99: 45842 | R99: 14 | S99: 50 | T99: 45873 | U99: 20 | V99: 20 | W99: 1 | X99: 0 | Y99: 0 | Z99: 205 | AA99: 359 | AB99: 36 | AC99: 0 | AD99: 100 | AE99: 100 | AF99: 100 | AG99: 0
A100: 3 | B100: DL10_573900901933_SEARS OPERADORA MEXICO SADECV | C100: 0 | D100: 25213 | E100: 1652 | F100: 0 | G100: 26865 | H100: 238 | I100: 238 | J100: 238 | K100: 0 | L100: 0 | M100: 1 | N100: 45812 | O100: 10 | P100: 5 | Q100: 45812 | R100: 19 | S100: 15 | T100: 45842 | U100: 20 | V100: 15 | W100: 1 | X100: 0 | Y100: 0 | Z100: 205 | AA100: 359 | AB100: 36 | AC100: 0 | AD100: 100 | AE100: 100 | AF100: 100 | AG100: 0
...

Sheet TOTAL
A1: CFE - DIVISION CENTRO ORIENTE
A2: Parámetros de Facturación de Servicios Contratados por Permisionarios y sus Centros de Consumo
A3: Proceso del Permisionario: SBV-CE G Sanborns 2, S.A. de C.V.(Planta Sanborns)
A4: Abril del 2025 Período: 1 | Carga Local : 585 | CapacidadFuente : 1154
C5: KWH | H5: KW | L5: KVARH
C6: Base | D6: Intermedia | E6: Punta | F6: SemiPunta | G6: TOTALES | H6: Base | I6: Intermedia | J6: Punta | K6: SemiPunta
A7: Resultados del Permisionario | B7: TOTAL PORTEADO O TRANSMISION | C7: ='P317202504-SBV-ABR25 compensado'!C63+'P317202504-SBV-ABR25 compensado'!C7 -> 94266 | D7: ='P317202504-SBV-ABR25 compensado'!D63+'P317202504-SBV-ABR25 compensado'!D7 -> 156189 | E7: ='P317202504-SBV-ABR25 compensado'!E63+'P317202504-SBV-ABR25 compensado'!E7 -> 15923 | F7: ='P317202504-SBV-ABR25 compensado'!F63+'P317202504-SBV-ABR25 compensado'!F7 -> 0 | G7: ='P317202504-SBV-ABR25 compensado'!G63+'P317202504-SBV-ABR25 compensado'!G7 -> 266378 | H7: =MAX('P317202504-SBV-ABR25 compensado'!H63,'P317202504-SBV-ABR25 compensado'!H7) -> 756 | I7: =MAX('P317202504-SBV-ABR25 compensado'!I63,'P317202504-SBV-ABR25 compensado'!I7) -> 790 | J7: =MAX('P317202504-SBV-ABR25 compensado'!J63,'P317202504-SBV-ABR25 compensado'!J7) -> 743 | K7: =MAX('P317202504-SBV-ABR25 compensado'!K63,'P317202504-SBV-ABR25 compensado'!K7) -> 0 | L7: ='P317202504-SBV-ABR25 compensado'!L63+'P317202504-SBV-ABR25 compensado'!L7 -> 0
B8: RESPALDO | C8: ='P317202504-SBV-ABR25 compensado'!C64+'P317202504-SBV-ABR25 compensado'!C8 -> 8439 | D8: ='P317202504-SBV-ABR25 compensado'!D64+'P317202504-SBV-ABR25 compensado'!D8 -> 36754 | E8: ='P317202504-SBV-ABR25 compensado'!E64+'P317202504-SBV-ABR25 compensado'!E8 -> 6097 | F8: ='P317202504-SBV-ABR25 compensado'!F64+'P317202504-SBV-ABR25 compensado'!F8 -> 0 | G8: ='P317202504-SBV-ABR25 compensado'!G64+'P317202504-SBV-ABR25 compensado'!G8 -> 51291 | H8: =MAX('P317202504-SBV-ABR25 compensado'!H64,'P317202504-SBV-ABR25 compensado'!H8) -> 270 | I8: =MAX('P317202504-SBV-ABR25 compensado'!I64,'P317202504-SBV-ABR25 compensado'!I8) -> 336 | J8: =MAX('P317202504-SBV-ABR25 compensado'!J64,'P317202504-SBV-ABR25 compensado'!J8) -> 271 | K8: =MAX('P317202504-SBV-ABR25 compensado'!K64,'P317202504-SBV-ABR25 compensado'!K8) -> 0 | L8: ='P317202504-SBV-ABR25 compensado'!L64+'P317202504-SBV-ABR25 compensado'!L8 -> 0
B9: FP DEL RESPALDO (Suministro Normal de la Planta) | C9: ='P317202504-SBV-ABR25 compensado'!C65+'P317202504-SBV-ABR25 compensado'!C9 -> 8439 | D9: ='P317202504-SBV-ABR25 compensado'!D65+'P317202504-SBV-ABR25 compensado'!D9 -> 36754 | E9: ='P317202504-SBV-ABR25 compensado'!E65+'P317202504-SBV-ABR25 compensado'!E9 -> 6097 | F9: ='P317202504-SBV-ABR25 compensado'!F65+'P317202504-SBV-ABR25 compensado'!F9 -> 0 | G9: ='P317202504-SBV-ABR25 compensado'!G65+'P317202504-SBV-ABR25 compensado'!G9 -> 51291 | H9: =MAX('P317202504-SBV-ABR25 compensado'!H65,'P317202504-SBV-ABR25 compensado'!H9) -> 270 | I9: =MAX('P317202504-SBV-ABR25 compensado'!I65,'P317202504-SBV-ABR25 compensado'!I9) -> 336 | J9: =MAX('P317202504-SBV-ABR25 compensado'!J65,'P317202504-SBV-ABR25 compensado'!J9) -> 271 | K9: =MAX('P317202504-SBV-ABR25 compensado'!K65,'P317202504-SBV-ABR25 compensado'!K9) -> 0 | L9: ='P317202504-SBV-ABR25 compensado'!L65+'P317202504-SBV-ABR25 compensado'!L9 -> 17791
B10: BANDA A FAVOR DEL PERMISIONARIO | C10: ='P317202504-SBV-ABR25 compensado'!C66+'P317202504-SBV-ABR25 compensado'!C10 -> 0 | D10: ='P317202504-SBV-ABR25 compensado'!D66+'P317202504-SBV-ABR25 compensado'!D10 -> 0 | E10: ='P317202504-SBV-ABR25 compensado'!E66+'P317202504-SBV-ABR25 compensado'!E10 -> 0 | F10: ='P317202504-SBV-ABR25 compensado'!F66+'P317202504-SBV-ABR25 compensado'!F10 -> 0 | G10: ='P317202504-SBV-ABR25 compensado'!G66+'P317202504-SBV-ABR25 compensado'!G10 -> 0 | H10: =MAX('P317202504-SBV-ABR25 compensado'!H66,'P317202504-SBV-ABR25 compensado'!H10) -> 0 | I10: =MAX('P317202504-SBV-ABR25 compensado'!I66,'P317202504-SBV-ABR25 compensado'!I10) -> 0 | J10: =MAX('P317202504-SBV-ABR25 compensado'!J66,'P317202504-SBV-ABR25 compensado'!J10) -> 0 | K10: =MAX('P317202504-SBV-ABR25 compensado'!K66,'P317202504-SBV-ABR25 compensado'!K10) -> 0 | L10: ='P317202504-SBV-ABR25 compensado'!L66+'P317202504-SBV-ABR25 compensado'!L10 -> 0
B11: BANDA A FAVOR DEL SUMINISTRADOR | C11: ='P317202504-SBV-ABR25 compensado'!C67+'P317202504-SBV-ABR25 compensado'!C11 -> 0 | D11: ='P317202504-SBV-ABR25 compensado'!D67+'P317202504-SBV-ABR25 compensado'!D11 -> 0 | E11: ='P317202504-SBV-ABR25 compensado'!E67+'P317202504-SBV-ABR25 compensado'!E11 -> 0 | F11: ='P317202504-SBV-ABR25 compensado'!F67+'P317202504-SBV-ABR25 compensado'!F11 -> 0 | G11: ='P317202504-SBV-ABR25 compensado'!G67+'P317202504-SBV-ABR25 compensado'!G11 -> 0 | H11: =MAX('P317202504-SBV-ABR25 compensado'!H67,'P317202504-SBV-ABR25 compensado'!H11) -> 0 | I11: =MAX('P317202504-SBV-ABR25 compensado'!I67,'P317202504-SBV-ABR25 compensado'!I11) -> 0 | J11: =MAX('P317202504-SBV-ABR25 compensado'!J67,'P317202504-SBV-ABR25 compensado'!J11) -> 0 | K11: =MAX('P317202504-SBV-ABR25 compensado'!K67,'P317202504-SBV-ABR25 compensado'!K11) -> 0 | L11: ='P317202504-SBV-ABR25 compensado'!L67+'P317202504-SBV-ABR25 compensado'!L11 -> 0
B12: EXCEDENTES | C12: ='P317202504-SBV-ABR25 compensado'!C68+'P317202504-SBV-ABR25 compensado'!C12 -> 0 | D12: ='P317202504-SBV-ABR25 compensado'!D68+'P317202504-SBV-ABR25 compensado'!D12 -> 0 | E12: ='P317202504-SBV-ABR25 compensado'!E68+'P317202504-SBV-ABR25 compensado'!E12 -> 0 | F12: ='P317202504-SBV-ABR25 compensado'!F68+'P317202504-SBV-ABR25 compensado'!F12 -> 0 | G12: ='P317202504-SBV-ABR25 compensado'!G68+'P317202504-SBV-ABR25 compensado'!G12 -> 0 | H12: =MAX('P317202504-SBV-ABR25 compensado'!H68,'P317202504-SBV-ABR25 compensado'!H12) -> 692 | I12: =MAX('P317202504-SBV-ABR25 compensado'!I68,'P317202504-SBV-ABR25 compensado'!I12) -> 679 | J12: =MAX('P317202504-SBV-ABR25 compensado'!J68,'P317202504-SBV-ABR25 compensado'!J12) -> 573 | K12: =MAX('P317202504-SBV-ABR25 compensado'!K68,'P317202504-SBV-ABR25 compensado'!K12) -> 0 | L12: ='P317202504-SBV-ABR25 compensado'!L68+'P317202504-SBV-ABR25 compensado'!L12 -> 0
B13: ACFE | C13: ='P317202504-SBV-ABR25 compensado'!C69+'P317202504-SBV-ABR25 compensado'!C13 -> 96272 | D13: ='P317202504-SBV-ABR25 compensado'!D69+'P317202504-SBV-ABR25 compensado'!D13 -> 155101 | E13: ='P317202504-SBV-ABR25 compensado'!E69+'P317202504-SBV-ABR25 compensado'!E13 -> 15925 | F13: ='P317202504-SBV-ABR25 compensado'!F69+'P317202504-SBV-ABR25 compensado'!F13 -> 0 | G13: ='P317202504-SBV-ABR25 compensado'!G69+'P317202504-SBV-ABR25 compensado'!G13 -> 267298 | H13: =MAX('P317202504-SBV-ABR25 compensado'!H69,'P317202504-SBV-ABR25 compensado'!H13) -> 926 | I13: =MAX('P317202504-SBV-ABR25 compensado'!I69,'P317202504-SBV-ABR25 compensado'!I13) -> 924 | J13: =MAX('P317202504-SBV-ABR25 compensado'!J69,'P317202504-SBV-ABR25 compensado'!J13) -> 907 | K13: =MAX('P317202504-SBV-ABR25 compensado'!K69,'P317202504-SBV-ABR25 compensado'!K13) -> 0 | L13: ='P317202504-SBV-ABR25 compensado'!L69+'P317202504-SBV-ABR25 compensado'!L13 -> 2321
B14: APER | C14: ='P317202504-SBV-ABR25 compensado'!C70+'P317202504-SBV-ABR25 compensado'!C14 -> 8458 | D14: ='P317202504-SBV-ABR25 compensado'!D70+'P317202504-SBV-ABR25 compensado'!D14 -> 36864 | E14: ='P317202504-SBV-ABR25 compensado'!E70+'P317202504-SBV-ABR25 compensado'!E14 -> 6099 | F14: ='P317202504-SBV-ABR25 compensado'!F70+'P317202504-SBV-ABR25 compensado'!F14 -> 0 | G14: ='P317202504-SBV-ABR25 compensado'!G70+'P317202504-SBV-ABR25 compensado'!G14 -> 51421 | H14: =MAX('P317202504-SBV-ABR25 compensado'!H70,'P317202504-SBV-ABR25 compensado'!H14) -> 292 | I14: =MAX('P317202504-SBV-ABR25 compensado'!I70,'P317202504-SBV-ABR25 compensado'!I14) -> 336 | J14: =MAX('P317202504-SBV-ABR25 compensado'!J70,'P317202504-SBV-ABR25 compensado'!J14) -> 271 | K14: =MAX('P317202504-SBV-ABR25 compensado'!K70,'P317202504-SBV-ABR25 compensado'!K14) -> 0 | L14: ='P317202504-SBV-ABR25 compensado'!L70+'P317202504-SBV-ABR25 compensado'!L14 -> 17843
B15: PERDIDAS ASIGNADAS | C15: ='P317202504-SBV-ABR25 compensado'!C71+'P317202504-SBV-ABR25 compensado'!C15 -> 0 | D15: ='P317202504-SBV-ABR25 compensado'!D71+'P317202504-SBV-ABR25 compensado'!D15 -> 0 | E15: ='P317202504-SBV-ABR25 compensado'!E71+'P317202504-SBV-ABR25 compensado'!E15 -> 0 | F15: ='P317202504-SBV-ABR25 compensado'!F71+'P317202504-SBV-ABR25 compensado'!F15 -> 0 | G15: ='P317202504-SBV-ABR25 compensado'!G71+'P317202504-SBV-ABR25 compensado'!G15 -> 0 | H15: =MAX('P317202504-SBV-ABR25 compensado'!H71,'P317202504-SBV-ABR25 compensado'!H15) -> 0 | I15: =MAX('P317202504-SBV-ABR25 compensado'!I71,'P317202504-SBV-ABR25 compensado'!I15) -> 0 | J15: =MAX('P317202504-SBV-ABR25 compensado'!J71,'P317202504-SBV-ABR25 compensado'!J15) -> 0 | K15: =MAX('P317202504-SBV-ABR25 compensado'!K71,'P317202504-SBV-ABR25 compensado'!K15) -> 0 | L15: ='P317202504-SBV-ABR25 compensado'!L71+'P317202504-SBV-ABR25 compensado'!L15 -> 0
B16: PERDIDAS POR COBRAR | C16: ='P317202504-SBV-ABR25 compensado'!C72+'P317202504-SBV-ABR25 compensado'!C16 -> 0 | D16: ='P317202504-SBV-ABR25 compensado'!D72+'P317202504-SBV-ABR25 compensado'!D16 -> 0 | E16: ='P317202504-SBV-ABR25 compensado'!E72+'P317202504-SBV-ABR25 compensado'!E16 -> 0 | F16: ='P317202504-SBV-ABR25 compensado'!F72+'P317202504-SBV-ABR25 compensado'!F16 -> 0 | G16: ='P317202504-SBV-ABR25 compensado'!G72+'P317202504-SBV-ABR25 compensado'!G16 -> 0 | H16: =MAX('P317202504-SBV-ABR25 compensado'!H72,'P317202504-SBV-ABR25 compensado'!H16) -> 0 | I16: =MAX('P317202504-SBV-ABR25 compensado'!I72,'P317202504-SBV-ABR25 compensado'!I16) -> 0 | J16: =MAX('P317202504-SBV-ABR25 compensado'!J72,'P317202504-SBV-ABR25 compensado'!J16) -> 0 | K16: =MAX('P317202504-SBV-ABR25 compensado'!K72,'P317202504-SBV-ABR25 compensado'!K16) -> 0 | L16: ='P317202504-SBV-ABR25 compensado'!L72+'P317202504-SBV-ABR25 compensado'!L16 -> 0
B17: ENERGIA TOTAL
A18: 1 | B18: DM24_988121001107_SANBORN HERMANOS SA | C18: ='P317202504-SBV-ABR25 compensado'!C74+'P317202504-SBV-ABR25 compensado'!C18 -> 13202 | D18: ='P317202504-SBV-ABR25 compensado'!D74+'P317202504-SBV-ABR25 compensado'!D18 -> 35511 | E18: ='P317202504-SBV-ABR25 compensado'!E74+'P317202504-SBV-ABR25 compensado'!E18 -> 4567 | F18: ='P317202504-SBV-ABR25 compensado'!F74+'P317202504-SBV-ABR25 compensado'!F18 -> 0 | G18: ='P317202504-SBV-ABR25 compensado'!G74+'P317202504-SBV-ABR25 compensado'!G18 -> 53280 | H18: =MAX('P317202504-SBV-ABR25 compensado'!H74,'P317202504-SBV-ABR25 compensado'!H18) -> 134 | I18: =MAX('P317202504-SBV-ABR25 compensado'!I74,'P317202504-SBV-ABR25 compensado'!I18) -> 138 | J18: =MAX('P317202504-SBV-ABR25 compensado'!J74,'P317202504-SBV-ABR25 compensado'!J18) -> 118 | K18: =MAX('P317202504-SBV-ABR25 compensado'!K74,'P317202504-SBV-ABR25 compensado'!K18) -> 0 | L18: ='P317202504-SBV-ABR25 compensado'!L74+'P317202504-SBV-ABR25 compensado'!L18 -> 21438
A19: 2 | B19: DL70_140110900810_SEARS OPERADORA MEXICO SA D CV | C19: ='P317202504-SBV-ABR25 compensado'!C75+'P317202504-SBV-ABR25 compensado'!C19 -> 14394 | D19: ='P317202504-SBV-ABR25 compensado'!D75+'P317202504-SBV-ABR25 compensado'!D19 -> 52762 | E19: ='P317202504-SBV-ABR25 compensado'!E75+'P317202504-SBV-ABR25 compensado'!E19 -> 4158 | F19: ='P317202504-SBV-ABR25 compensado'!F75+'P317202504-SBV-ABR25 compensado'!F19 -> 0 | G19: ='P317202504-SBV-ABR25 compensado'!G75+'P317202504-SBV-ABR25 compensado'!G19 -> 71314 | H19: =MAX('P317202504-SBV-ABR25 compensado'!H75,'P317202504-SBV-ABR25 compensado'!H19) -> 350 | I19: =MAX('P317202504-SBV-ABR25 compensado'!I75,'P317202504-SBV-ABR25 compensado'!I19) -> 396 | J19: =MAX('P317202504-SBV-ABR25 compensado'!J75,'P317202504-SBV-ABR25 compensado'!J19) -> 156 | K19: =MAX('P317202504-SBV-ABR25 compensado'!K75,'P317202504-SBV-ABR25 compensado'!K19) -> 0 | L19: ='P317202504-SBV-ABR25 compensado'!L75+'P317202504-SBV-ABR25 compensado'!L19 -> 19019
A20: 3 | B20: DL10_573900901933_SEARS OPERADORA MEXICO SADECV | C20: ='P317202504-SBV-ABR25 compensado'!C76+'P317202504-SBV-ABR25 compensado'!C20 -> 19504 | D20: ='P317202504-SBV-ABR25 compensado'!D76+'P317202504-SBV-ABR25 compensado'!D20 -> 106052 | E20: ='P317202504-SBV-ABR25 compensado'!E76+'P317202504-SBV-ABR25 compensado'!E20 -> 7559 | F20: ='P317202504-SBV-ABR25 compensado'!F76+'P317202504-SBV-ABR25 compensado'!F20 -> 0 | G20: ='P317202504-SBV-ABR25 compensado'!G76+'P317202504-SBV-ABR25 compensado'!G20 -> 133114 | H20: =MAX('P317202504-SBV-ABR25 compensado'!H76,'P317202504-SBV-ABR25 compensado'!H20) -> 483 | I20: =MAX('P317202504-SBV-ABR25 compensado'!I76,'P317202504-SBV-ABR25 compensado'!I20) -> 495 | J20: =MAX('P317202504-SBV-ABR25 compensado'!J76,'P317202504-SBV-ABR25 compensado'!J20) -> 371 | K20: =MAX('P317202504-SBV-ABR25 compensado'!K76,'P317202504-SBV-ABR25 compensado'!K20) -> 0 | L20: ='P317202504-SBV-ABR25 compensado'!L76+'P317202504-SBV-ABR25 compensado'!L20 -> 68346
A21: 4 | B21: DM21_147980903088_SEARS OPERADORA MEXICO SA CV | C21: ='P317202504-SBV-ABR25 compensado'!C77+'P317202504-SBV-ABR25 compensado'!C21 -> 18328 | D21: ='P317202504-SBV-ABR25 compensado'!D77+'P317202504-SBV-ABR25 compensado'!D21 -> 91312 | E21: ='P317202504-SBV-ABR25 compensado'!E77+'P317202504-SBV-ABR25 compensado'!E21 -> 8871 | F21: ='P317202504-SBV-ABR25 compensado'!F77+'P317202504-SBV-ABR25 compensado'!F21 -> 0 | G21: ='P317202504-SBV-ABR25 compensado'!G77+'P317202504-SBV-ABR25 compensado'!G21 -> 118511 | H21: =MAX('P317202504-SBV-ABR25 compensado'!H77,'P317202504-SBV-ABR25 compensado'!H21) -> 506 | I21: =MAX('P317202504-SBV-ABR25 compensado'!I77,'P317202504-SBV-ABR25 compensado'!I21) -> 506 | J21: =MAX('P317202504-SBV-ABR25 compensado'!J77,'P317202504-SBV-ABR25 compensado'!J21) -> 435 | K21: =MAX('P317202504-SBV-ABR25 compensado'!K77,'P317202504-SBV-ABR25 compensado'!K21) -> 0 | L21: ='P317202504-SBV-ABR25 compensado'!L77+'P317202504-SBV-ABR25 compensado'!L21 -> 37877
A22: 5 | B22: DM21_147071104134_SANBORN HERMANOS SA*TDA RESTAU | C22: ='P317202504-SBV-ABR25 compensado'!C78+'P317202504-SBV-ABR25 compensado'!C22 -> 22661 | D22: ='P317202504-SBV-ABR25 compensado'!D78+'P317202504-SBV-ABR25 compensado'!D22 -> 70259 | E22: ='P317202504-SBV-ABR25 compensado'!E78+'P317202504-SBV-ABR25 compensado'!E22 -> 8758 | F22: ='P317202504-SBV-ABR25 compensado'!F78+'P317202504-SBV-ABR25 compensado'!F22 -> 0 | G22: ='P317202504-SBV-ABR25 compensado'!G78+'P317202504-SBV-ABR25 compensado'!G22 -> 101679 | H22: =MAX('P317202504-SBV-ABR25 compensado'!H78,'P317202504-SBV-ABR25 compensado'!H22) -> 231 | I22: =MAX('P317202504-SBV-ABR25 compensado'!I78,'P317202504-SBV-ABR25 compensado'!I22) -> 240 | J22: =MAX('P317202504-SBV-ABR25 compensado'!J78,'P317202504-SBV-ABR25 compensado'!J22) -> 220 | K22: =MAX('P317202504-SBV-ABR25 compensado'!K78,'P317202504-SBV-ABR25 compensado'!K22) -> 0 | L22: ='P317202504-SBV-ABR25 compensado'!L78+'P317202504-SBV-ABR25 compensado'!L22 -> 48293
A23: 6 | B23: DL10_573700101479_SANBORN HERMANOS S A | C23: ='P317202504-SBV-ABR25 compensado'!C79+'P317202504-SBV-ABR25 compensado'!C23 -> 17539 | D23: ='P317202504-SBV-ABR25 compensado'!D79+'P317202504-SBV-ABR25 compensado'!D23 -> 47652 | E23: ='P317202504-SBV-ABR25 compensado'!E79+'P317202504-SBV-ABR25 compensado'!E23 -> 5036 | F23: ='P317202504-SBV-ABR25 compensado'!F79+'P317202504-SBV-ABR25 compensado'!F23 -> 0 | G23: ='P317202504-SBV-ABR25 compensado'!G79+'P317202504-SBV-ABR25 compensado'!G23 -> 70227 | H23: =MAX('P317202504-SBV-ABR25 compensado'!H79,'P317202504-SBV-ABR25 compensado'!H23) -> 178 | I23: =MAX('P317202504-SBV-ABR25 compensado'!I79,'P317202504-SBV-ABR25 compensado'!I23) -> 184 | J23: =MAX('P317202504-SBV-ABR25 compensado'!J79,'P317202504-SBV-ABR25 compensado'!J23) -> 137 | K23: =MAX('P317202504-SBV-ABR25 compensado'!K79,'P317202504-SBV-ABR25 compensado'!K23) -> 0 | L23: ='P317202504-SBV-ABR25 compensado'!L79+'P317202504-SBV-ABR25 compensado'!L23 -> 28697
A24: 7 | B24: DM24_980121000592_SEARS OPERADORA MEX SA DE CV | C24: ='P317202504-SBV-ABR25 compensado'!C80+'P317202504-SBV-ABR25 compensado'!C24 -> 8439 | D24: ='P317202504-SBV-ABR25 compensado'!D80+'P317202504-SBV-ABR25 compensado'!D24 -> 36754 | E24: ='P317202504-SBV-ABR25 compensado'!E80+'P317202504-SBV-ABR25 compensado'!E24 -> 6097 | F24: ='P317202504-SBV-ABR25 compensado'!F80+'P317202504-SBV-ABR25 compensado'!F24 -> 0 | G24: ='P317202504-SBV-ABR25 compensado'!G80+'P317202504-SBV-ABR25 compensado'!G24 -> 51291 | H24: =MAX('P317202504-SBV-ABR25 compensado'!H80,'P317202504-SBV-ABR25 compensado'!H24) -> 270 | I24: =MAX('P317202504-SBV-ABR25 compensado'!I80,'P317202504-SBV-ABR25 compensado'!I24) -> 336 | J24: =MAX('P317202504-SBV-ABR25 compensado'!J80,'P317202504-SBV-ABR25 compensado'!J24) -> 271 | K24: =MAX('P317202504-SBV-ABR25 compensado'!K80,'P317202504-SBV-ABR25 compensado'!K24) -> 0 | L24: ='P317202504-SBV-ABR25 compensado'!L80+'P317202504-SBV-ABR25 compensado'!L24 -> 17842
B25: ENERGIA NORMAL
A26: 1 | B26: DM24_988121001107_SANBORN HERMANOS SA | C26: ='P317202504-SBV-ABR25 compensado'!C82+'P317202504-SBV-ABR25 compensado'!C26 -> 71 | D26: ='P317202504-SBV-ABR25 compensado'!D82+'P317202504-SBV-ABR25 compensado'!D26 -> 13239 | E26: ='P317202504-SBV-ABR25 compensado'!E82+'P317202504-SBV-ABR25 compensado'!E26 -> 2715 | F26: ='P317202504-SBV-ABR25 compensado'!F82+'P317202504-SBV-ABR25 compensado'!F26 -> 0 | G26: ='P317202504-SBV-ABR25 compensado'!G82+'P317202504-SBV-ABR25 compensado'!G26 -> 16025 | H26: =MAX('P317202504-SBV-ABR25 compensado'!H82,'P317202504-SBV-ABR25 compensado'!H26) -> 55 | I26: =MAX('P317202504-SBV-ABR25 compensado'!I82,'P317202504-SBV-ABR25 compensado'!I26) -> 58 | J26: =MAX('P317202504-SBV-ABR25 compensado'!J82,'P317202504-SBV-ABR25 compensado'!J26) -> 39 | K26: =MAX('P317202504-SBV-ABR25 compensado'!K82,'P317202504-SBV-ABR25 compensado'!K26) -> 0 | L26: ='P317202504-SBV-ABR25 compensado'!L82+'P317202504-SBV-ABR25 compensado'!L26 -> 0
A27: 2 | B27: DL70_140110900810_SEARS OPERADORA MEXICO SA D CV | C27: ='P317202504-SBV-ABR25 compensado'!C83+'P317202504-SBV-ABR25 compensado'!C27 -> 1695 | D27: ='P317202504-SBV-ABR25 compensado'!D83+'P317202504-SBV-ABR25 compensado'!D27 -> 30830 | E27: ='P317202504-SBV-ABR25 compensado'!E83+'P317202504-SBV-ABR25 compensado'!E27 -> 2653 | F27: ='P317202504-SBV-ABR25 compensado'!F83+'P317202504-SBV-ABR25 compensado'!F27 -> 0 | G27: ='P317202504-SBV-ABR25 compensado'!G83+'P317202504-SBV-ABR25 compensado'!G27 -> 35179 | H27: =MAX('P317202504-SBV-ABR25 compensado'!H83,'P317202504-SBV-ABR25 compensado'!H27) -> 291 | I27: =MAX('P317202504-SBV-ABR25 compensado'!I83,'P317202504-SBV-ABR25 compensado'!I27) -> 336 | J27: =MAX('P317202504-SBV-ABR25 compensado'!J83,'P317202504-SBV-ABR25 compensado'!J27) -> 96 | K27: =MAX('P317202504-SBV-ABR25 compensado'!K83,'P317202504-SBV-ABR25 compensado'!K27) -> 0 | L27: ='P317202504-SBV-ABR25 compensado'!L83+'P317202504-SBV-ABR25 compensado'!L27 -> 0
A28: 3 | B28: DL10_573900901933_SEARS OPERADORA MEXICO SADECV | C28: ='P317202504-SBV-ABR25 compensado'!C84+'P317202504-SBV-ABR25 compensado'!C28 -> 5803 | D28: ='P317202504-SBV-ABR25 compensado'!D84+'P317202504-SBV-ABR25 compensado'!D28 -> 71904 | E28: ='P317202504-SBV-ABR25 compensado'!E84+'P317202504-SBV-ABR25 compensado'!E28 -> 5192 | F28: ='P317202504-SBV-ABR25 compensado'!F84+'P317202504-SBV-ABR25 compensado'!F28 -> 0 | G28: ='P317202504-SBV-ABR25 compensado'!G84+'P317202504-SBV-ABR25 compensado'!G28 -> 82899 | H28: =MAX('P317202504-SBV-ABR25 compensado'!H84,'P317202504-SBV-ABR25 compensado'!H28) -> 403 | I28: =MAX('P317202504-SBV-ABR25 compensado'!I84,'P317202504-SBV-ABR25 compensado'!I28) -> 416 | J28: =MAX('P317202504-SBV-ABR25 compensado'!J84,'P317202504-SBV-ABR25 compensado'!J28) -> 291 | K28: =MAX('P317202504-SBV-ABR25 compensado'!K84,'P317202504-SBV-ABR25 compensado'!K28) -> 0 | L28: ='P317202504-SBV-ABR25 compensado'!L84+'P317202504-SBV-ABR25 compensado'!L28 -> 0
A29: 4 | B29: DM21_147980903088_SEARS OPERADORA MEXICO SA CV | C29: ='P317202504-SBV-ABR25 compensado'!C85+'P317202504-SBV-ABR25 compensado'!C29 -> 6493 | D29: ='P317202504-SBV-ABR25 compensado'!D85+'P317202504-SBV-ABR25 compensado'!D29 -> 69810 | E29: ='P317202504-SBV-ABR25 compensado'!E85+'P317202504-SBV-ABR25 compensado'!E29 -> 6387 | F29: ='P317202504-SBV-ABR25 compensado'!F85+'P317202504-SBV-ABR25 compensado'!F29 -> 0 | G29: ='P317202504-SBV-ABR25 compensado'!G85+'P317202504-SBV-ABR25 compensado'!G29 -> 82691 | H29: =MAX('P317202504-SBV-ABR25 compensado'!H85,'P317202504-SBV-ABR25 compensado'!H29) -> 447 | I29: =MAX('P317202504-SBV-ABR25 compensado'!I85,'P317202504-SBV-ABR25 compensado'!I29) -> 446 | J29: =MAX('P317202504-SBV-ABR25 compensado'!J85,'P317202504-SBV-ABR25 compensado'!J29) -> 376 | K29: =MAX('P317202504-SBV-ABR25 compensado'!K85,'P317202504-SBV-ABR25 compensado'!K29) -> 0 | L29: ='P317202504-SBV-ABR25 compensado'!L85+'P317202504-SBV-ABR25 compensado'!L29 -> 0
A30: 5 | B30: DM21_147071104134_SANBORN HERMANOS SA*TDA RESTAU | C30: ='P317202504-SBV-ABR25 compensado'!C86+'P317202504-SBV-ABR25 compensado'!C30 -> 891 | D30: ='P317202504-SBV-ABR25 compensado'!D86+'P317202504-SBV-ABR25 compensado'!D30 -> 56010 | E30: ='P317202504-SBV-ABR25 compensado'!E86+'P317202504-SBV-ABR25 compensado'!E30 -> 5930 | F30: ='P317202504-SBV-ABR25 compensado'!F86+'P317202504-SBV-ABR25 compensado'!F30 -> 0 | G30: ='P317202504-SBV-ABR25 compensado'!G86+'P317202504-SBV-ABR25 compensado'!G30 -> 62831 | H30: =MAX('P317202504-SBV-ABR25 compensado'!H86,'P317202504-SBV-ABR25 compensado'!H30) -> 171 | I30: =MAX('P317202504-SBV-ABR25 compensado'!I86,'P317202504-SBV-ABR25 compensado'!I30) -> 180 | J30: =MAX('P317202504-SBV-ABR25 compensado'!J86,'P317202504-SBV-ABR25 compensado'!J30) -> 161 | K30: =MAX('P317202504-SBV-ABR25 compensado'!K86,'P317202504-SBV-ABR25 compensado'!K30) -> 0 | L30: ='P317202504-SBV-ABR25 compensado'!L86+'P317202504-SBV-ABR25 compensado'!L30 -> 0
A31: 6 | B31: DL10_573700101479_SANBORN HERMANOS S A | C31: ='P317202504-SBV-ABR25 compensado'!C87+'P317202504-SBV-ABR25 compensado'!C31 -> 4847 | D31: ='P317202504-SBV-ABR25 compensado'!D87+'P317202504-SBV-ABR25 compensado'!D31 -> 42321 | E31: ='P317202504-SBV-ABR25 compensado'!E87+'P317202504-SBV-ABR25 compensado'!E31 -> 4104 | F31: ='P317202504-SBV-ABR25 compensado'!F87+'P317202504-SBV-ABR25 compensado'!F31 -> 0 | G31: ='P317202504-SBV-ABR25 compensado'!G87+'P317202504-SBV-ABR25 compensado'!G31 -> 51272 | H31: =MAX('P317202504-SBV-ABR25 compensado'!H87,'P317202504-SBV-ABR25 compensado'!H31) -> 121 | I31: =MAX('P317202504-SBV-ABR25 compensado'!I87,'P317202504-SBV-ABR25 compensado'!I31) -> 127 | J31: =MAX('P317202504-SBV-ABR25 compensado'!J87,'P317202504-SBV-ABR25 compensado'!J31) -> 80 | K31: =MAX('P317202504-SBV-ABR25 compensado'!K87,'P317202504-SBV-ABR25 compensado'!K31) -> 0 | L31: ='P317202504-SBV-ABR25 compensado'!L87+'P317202504-SBV-ABR25 compensado'!L31 -> 0
A32: 7 | B32: DM24_980121000592_SEARS OPERADORA MEX SA DE CV | C32: ='P317202504-SBV-ABR25 compensado'!C88+'P317202504-SBV-ABR25 compensado'!C32 -> 0 | D32: ='P317202504-SBV-ABR25 compensado'!D88+'P317202504-SBV-ABR25 compensado'!D32 -> 0 | E32: ='P317202504-SBV-ABR25 compensado'!E88+'P317202504-SBV-ABR25 compensado'!E32 -> 2140 | F32: ='P317202504-SBV-ABR25 compensado'!F88+'P317202504-SBV-ABR25 compensado'!F32 -> 0 | G32: ='P317202504-SBV-ABR25 compensado'!G88+'P317202504-SBV-ABR25 compensado'!G32 -> 2140 | H32: =MAX('P317202504-SBV-ABR25 compensado'!H88,'P317202504-SBV-ABR25 compensado'!H32) -> 270 | I32: =MAX('P317202504-SBV-ABR25 compensado'!I88,'P317202504-SBV-ABR25 compensado'!I32) -> 336 | J32: =MAX('P317202504-SBV-ABR25 compensado'!J88,'P317202504-SBV-ABR25 compensado'!J32) -> 271 | K32: =MAX('P317202504-SBV-ABR25 compensado'!K88,'P317202504-SBV-ABR25 compensado'!K32) -> 0 | L32: ='P317202504-SBV-ABR25 compensado'!L88+'P317202504-SBV-ABR25 compensado'!L32 -> 0
B33: ENERGIA PORTEADA
A34: 1 | B34: DM24_988121001107_SANBORN HERMANOS SA | C34: ='P317202504-SBV-ABR25 compensado'!C90+'P317202504-SBV-ABR25 compensado'!C34 -> 13131 | D34: ='P317202504-SBV-ABR25 compensado'!D90+'P317202504-SBV-ABR25 compensado'!D34 -> 22273 | E34: ='P317202504-SBV-ABR25 compensado'!E90+'P317202504-SBV-ABR25 compensado'!E34 -> 1851 | F34: ='P317202504-SBV-ABR25 compensado'!F90+'P317202504-SBV-ABR25 compensado'!F34 -> 0 | G34: ='P317202504-SBV-ABR25 compensado'!G90+'P317202504-SBV-ABR25 compensado'!G34 -> 37254 | H34: =MAX('P317202504-SBV-ABR25 compensado'!H90,'P317202504-SBV-ABR25 compensado'!H34) -> 107 | I34: =MAX('P317202504-SBV-ABR25 compensado'!I90,'P317202504-SBV-ABR25 compensado'!I34) -> 107 | J34: =MAX('P317202504-SBV-ABR25 compensado'!J90,'P317202504-SBV-ABR25 compensado'!J34) -> 107 | K34: =MAX('P317202504-SBV-ABR25 compensado'!K90,'P317202504-SBV-ABR25 compensado'!K34) -> 0 | L34: ='P317202504-SBV-ABR25 compensado'!L90+'P317202504-SBV-ABR25 compensado'!L34 -> 0
A35: 2 | B35: DL70_140110900810_SEARS OPERADORA MEXICO SA D CV | C35: ='P317202504-SBV-ABR25 compensado'!C91+'P317202504-SBV-ABR25 compensado'!C35 -> 12698 | D35: ='P317202504-SBV-ABR25 compensado'!D91+'P317202504-SBV-ABR25 compensado'!D35 -> 21932 | E35: ='P317202504-SBV-ABR25 compensado'!E91+'P317202504-SBV-ABR25 compensado'!E35 -> 1505 | F35: ='P317202504-SBV-ABR25 compensado'!F91+'P317202504-SBV-ABR25 compensado'!F35 -> 0 | G35: ='P317202504-SBV-ABR25 compensado'!G91+'P317202504-SBV-ABR25 compensado'!G35 -> 36135 | H35: =MAX('P317202504-SBV-ABR25 compensado'!H91,'P317202504-SBV-ABR25 compensado'!H35) -> 178 | I35: =MAX('P317202504-SBV-ABR25 compensado'!I91,'P317202504-SBV-ABR25 compensado'!I35) -> 178 | J35: =MAX('P317202504-SBV-ABR25 compensado'!J91,'P317202504-SBV-ABR25 compensado'!J35) -> 108 | K35: =MAX('P317202504-SBV-ABR25 compensado'!K91,'P317202504-SBV-ABR25 compensado'!K35) -> 0 | L35: ='P317202504-SBV-ABR25 compensado'!L91+'P317202504-SBV-ABR25 compensado'!L35 -> 0
A36: 3 | B36: DL10_573900901933_SEARS OPERADORA MEXICO SADECV | C36: ='P317202504-SBV-ABR25 compensado'!C92+'P317202504-SBV-ABR25 compensado'!C36 -> 13701 | D36: ='P317202504-SBV-ABR25 compensado'!D92+'P317202504-SBV-ABR25 compensado'!D36 -> 34148 | E36: ='P317202504-SBV-ABR25 compensado'!E92+'P317202504-SBV-ABR25 compensado'!E36 -> 2367 | F36: ='P317202504-SBV-ABR25 compensado'!F92+'P317202504-SBV-ABR25 compensado'!F36 -> 0 | G36: ='P317202504-SBV-ABR25 compensado'!G92+'P317202504-SBV-ABR25 compensado'!G36 -> 50215 | H36: =MAX('P317202504-SBV-ABR25 compensado'!H92,'P317202504-SBV-ABR25 compensado'!H36) -> 238 | I36: =MAX('P317202504-SBV-ABR25 compensado'!I92,'P317202504-SBV-ABR25 compensado'!I36) -> 238 | J36: =MAX('P317202504-SBV-ABR25 compensado'!J92,'P317202504-SBV-ABR25 compensado'!J36) -> 238 | K36: =MAX('P317202504-SBV-ABR25 compensado'!K92,'P317202504-SBV-ABR25 compensado'!K36) -> 0 | L36: ='P317202504-SBV-ABR25 compensado'!L92+'P317202504-SBV-ABR25 compensado'!L36 -> 0
A37: 4 | B37: DM21_147980903088_SEARS OPERADORA MEXICO SA CV | C37: ='P317202504-SBV-ABR25 compensado'!C93+'P317202504-SBV-ABR25 compensado'!C37 -> 11835 | D37: ='P317202504-SBV-ABR25 compensado'!D93+'P317202504-SBV-ABR25 compensado'!D37 -> 21503 | E37: ='P317202504-SBV-ABR25 compensado'!E93+'P317202504-SBV-ABR25 compensado'!E37 -> 2484 | F37: ='P317202504-SBV-ABR25 compensado'!F93+'P317202504-SBV-ABR25 compensado'!F37 -> 0 | G37: ='P317202504-SBV-ABR25 compensado'!G93+'P317202504-SBV-ABR25 compensado'!G37 -> 35822 | H37: =MAX('P317202504-SBV-ABR25 compensado'!H93,'P317202504-SBV-ABR25 compensado'!H37) -> 168 | I37: =MAX('P317202504-SBV-ABR25 compensado'!I93,'P317202504-SBV-ABR25 compensado'!I37) -> 168 | J37: =MAX('P317202504-SBV-ABR25 compensado'!J93,'P317202504-SBV-ABR25 compensado'!J37) -> 168 | K37: =MAX('P317202504-SBV-ABR25 compensado'!K93,'P317202504-SBV-ABR25 compensado'!K37) -> 0 | L37: ='P317202504-SBV-ABR25 compensado'!L93+'P317202504-SBV-ABR25 compensado'!L37 -> 0
A38: 5 | B38: DM21_147071104134_SANBORN HERMANOS SA*TDA RESTAU | C38: ='P317202504-SBV-ABR25 compensado'!C94+'P317202504-SBV-ABR25 compensado'!C38 -> 21770 | D38: ='P317202504-SBV-ABR25 compensado'!D94+'P317202504-SBV-ABR25 compensado'!D38 -> 14250 | E38: ='P317202504-SBV-ABR25 compensado'!E94+'P317202504-SBV-ABR25 compensado'!E38 -> 2828 | F38: ='P317202504-SBV-ABR25 compensado'!F94+'P317202504-SBV-ABR25 compensado'!F38 -> 0 | G38: ='P317202504-SBV-ABR25 compensado'!G94+'P317202504-SBV-ABR25 compensado'!G38 -> 38847 | H38: =MAX('P317202504-SBV-ABR25 compensado'!H94,'P317202504-SBV-ABR25 compensado'!H38) -> 169 | I38: =MAX('P317202504-SBV-ABR25 compensado'!I94,'P317202504-SBV-ABR25 compensado'!I38) -> 169 | J38: =MAX('P317202504-SBV-ABR25 compensado'!J94,'P317202504-SBV-ABR25 compensado'!J38) -> 169 | K38: =MAX('P317202504-SBV-ABR25 compensado'!K94,'P317202504-SBV-ABR25 compensado'!K38) -> 0 | L38: ='P317202504-SBV-ABR25 compensado'!L94+'P317202504-SBV-ABR25 compensado'!L38 -> 0
A39: 6 | B39: DL10_573700101479_SANBORN HERMANOS S A | C39: ='P317202504-SBV-ABR25 compensado'!C95+'P317202504-SBV-ABR25 compensado'!C39 -> 12692 | D39: ='P317202504-SBV-ABR25 compensado'!D95+'P317202504-SBV-ABR25 compensado'!D39 -> 5331 | E39: ='P317202504-SBV-ABR25 compensado'!E95+'P317202504-SBV-ABR25 compensado'!E39 -> 932 | F39: ='P317202504-SBV-ABR25 compensado'!F95+'P317202504-SBV-ABR25 compensado'!F39 -> 0 | G39: ='P317202504-SBV-ABR25 compensado'!G95+'P317202504-SBV-ABR25 compensado'!G39 -> 18955 | H39: =MAX('P317202504-SBV-ABR25 compensado'!H95,'P317202504-SBV-ABR25 compensado'!H39) -> 57 | I39: =MAX('P317202504-SBV-ABR25 compensado'!I95,'P317202504-SBV-ABR25 compensado'!I39) -> 57 | J39: =MAX('P317202504-SBV-ABR25 compensado'!J95,'P317202504-SBV-ABR25 compensado'!J39) -> 57 | K39: =MAX('P317202504-SBV-ABR25 compensado'!K95,'P317202504-SBV-ABR25 compensado'!K39) -> 0 | L39: ='P317202504-SBV-ABR25 compensado'!L95+'P317202504-SBV-ABR25 compensado'!L39 -> 0
A40: 7 | B40: DM24_980121000592_SEARS OPERADORA MEX SA DE CV | C40: ='P317202504-SBV-ABR25 compensado'!C96+'P317202504-SBV-ABR25 compensado'!C40 -> 8439 | D40: ='P317202504-SBV-ABR25 compensado'!D96+'P317202504-SBV-ABR25 compensado'!D40 -> 36754 | E40: ='P317202504-SBV-ABR25 compensado'!E96+'P317202504-SBV-ABR25 compensado'!E40 -> 3957 | F40: ='P317202504-SBV-ABR25 compensado'!F96+'P317202504-SBV-ABR25 compensado'!F40 -> 0 | G40: ='P317202504-SBV-ABR25 compensado'!G96+'P317202504-SBV-ABR25 compensado'!G40 -> 49151 | H40: =MAX('P317202504-SBV-ABR25 compensado'!H96,'P317202504-SBV-ABR25 compensado'!H40) -> 0 | I40: =MAX('P317202504-SBV-ABR25 compensado'!I96,'P317202504-SBV-ABR25 compensado'!I40) -> 0 | J40: =MAX('P317202504-SBV-ABR25 compensado'!J96,'P317202504-SBV-ABR25 compensado'!J40) -> 0 | K40: =MAX('P317202504-SBV-ABR25 compensado'!K96,'P317202504-SBV-ABR25 compensado'!K40) -> 0 | L40: ='P317202504-SBV-ABR25 compensado'!L96+'P317202504-SBV-ABR25 compensado'!L40 -> 0
B41: ENERGIA NORMAL POR FALTANTE
A42: 1 | B42: DM24_988121001107_SANBORN HERMANOS SA | C42: ='P317202504-SBV-ABR25 compensado'!C98+'P317202504-SBV-ABR25 compensado'!C42 -> 0 | D42: ='P317202504-SBV-ABR25 compensado'!D98+'P317202504-SBV-ABR25 compensado'!D42 -> 12815 | E42: ='P317202504-SBV-ABR25 compensado'!E98+'P317202504-SBV-ABR25 compensado'!E42 -> 2705 | F42: ='P317202504-SBV-ABR25 compensado'!F98+'P317202504-SBV-ABR25 compensado'!F42 -> 0 | G42: ='P317202504-SBV-ABR25 compensado'!G98+'P317202504-SBV-ABR25 compensado'!G42 -> 15521 | H42: =MAX('P317202504-SBV-ABR25 compensado'!H98,'P317202504-SBV-ABR25 compensado'!H42) -> 107 | I42: =MAX('P317202504-SBV-ABR25 compensado'!I98,'P317202504-SBV-ABR25 compensado'!I42) -> 107 | J42: =MAX('P317202504-SBV-ABR25 compensado'!J98,'P317202504-SBV-ABR25 compensado'!J42) -> 107 | K42: =MAX('P317202504-SBV-ABR25 compensado'!K98,'P317202504-SBV-ABR25 compensado'!K42) -> 0 | L42: ='P317202504-SBV-ABR25 compensado'!L98+'P317202504-SBV-ABR25 compensado'!L42 -> 0
A43: 2 | B43: DL70_140110900810_SEARS OPERADORA MEXICO SA D CV | C43: ='P317202504-SBV-ABR25 compensado'!C99+'P317202504-SBV-ABR25 compensado'!C43 -> 0 | D43: ='P317202504-SBV-ABR25 compensado'!D99+'P317202504-SBV-ABR25 compensado'!D43 -> 21967 | E43: ='P317202504-SBV-ABR25 compensado'!E99+'P317202504-SBV-ABR25 compensado'!E43 -> 2653 | F43: ='P317202504-SBV-ABR25 compensado'!F99+'P317202504-SBV-ABR25 compensado'!F43 -> 0 | G43: ='P317202504-SBV-ABR25 compensado'!G99+'P317202504-SBV-ABR25 compensado'!G43 -> 24620 | H43: =MAX('P317202504-SBV-ABR25 compensado'!H99,'P317202504-SBV-ABR25 compensado'!H43) -> 178 | I43: =MAX('P317202504-SBV-ABR25 compensado'!I99,'P317202504-SBV-ABR25 compensado'!I43) -> 178 | J43: =MAX('P317202504-SBV-ABR25 compensado'!J99,'P317202504-SBV-ABR25 compensado'!J43) -> 156 | K43: =MAX('P317202504-SBV-ABR25 compensado'!K99,'P317202504-SBV-ABR25 compensado'!K43) -> 0 | L43: ='P317202504-SBV-ABR25 compensado'!L99+'P317202504-SBV-ABR25 compensado'!L43 -> 0
A44: 3 | B44: DL10_573900901933_SEARS OPERADORA MEXICO SADECV | C44: ='P317202504-SBV-ABR25 compensado'!C100+'P317202504-SBV-ABR25 compensado'!C44 -> 0 | D44: ='P317202504-SBV-ABR25 compensado'!D100+'P317202504-SBV-ABR25 compensado'!D44 -> 36307 | E44: ='P317202504-SBV-ABR25 compensado'!E100+'P317202504-SBV-ABR25 compensado'!E44 -> 4879 | F44: ='P317202504-SBV-ABR25 compensado'!F100+'P317202504-SBV-ABR25 compensado'!F44 -> 0 | G44: ='P317202504-SBV-ABR25 compensado'!G100+'P317202504-SBV-ABR25 compensado'!G44 -> 41186 | H44: =MAX('P317202504-SBV-ABR25 compensado'!H100,'P317202504-SBV-ABR25 compensado'!H44) -> 238 | I44: =MAX('P317202504-SBV-ABR25 compensado'!I100,'P317202504-SBV-ABR25 compensado'!I44) -> 238 | J44: =MAX('P317202504-SBV-ABR25 compensado'!J100,'P317202504-SBV-ABR25 compensado'!J44) -> 238 | K44: =MAX('P317202504-SBV-ABR25 compensado'!K100,'P317202504-SBV-ABR25 compensado'!K44) -> 0 | L44: ='P317202504-SBV-ABR25 compensado'!L100+'P317202504-SBV-ABR25 compensado'!L44 -> 0
A45: 4 | B45: DM21_147980903088_SEARS OPERADORA MEXICO SA CV | C45: ='P317202504-SBV-ABR25 compensado'!C101+'P317202504-SBV-ABR25 compensado'!C45 -> 0 | D45: ='P317202504-SBV-ABR25 compensado'!D101+'P317202504-SBV-ABR25 compensado'!D45 -> 26846 | E45: ='P317202504-SBV-ABR25 compensado'!E101+'P317202504-SBV-ABR25 compensado'!E45 -> 4726 | F45: ='P317202504-SBV-ABR25 compensado'!F101+'P317202504-SBV-ABR25 compensado'!F45 -> 0 | G45: ='P317202504-SBV-ABR25 compensado'!G101+'P317202504-SBV-ABR25 compensado'!G45 -> 31572 | H45: =MAX('P317202504-SBV-ABR25 compensado'!H101,'P317202504-SBV-ABR25 compensado'!H45) -> 168 | I45: =MAX('P317202504-SBV-ABR25 compensado'!I101,'P317202504-SBV-ABR25 compensado'!I45) -> 168 | J45: =MAX('P317202504-SBV-ABR25 compensado'!J101,'P317202504-SBV-ABR25 compensado'!J45) -> 168 | K45: =MAX('P317202504-SBV-ABR25 compensado'!K101,'P317202504-SBV-ABR25 compensado'!K45) -> 0 | L45: ='P317202504-SBV-ABR25 compensado'!L101+'P317202504-SBV-ABR25 compensado'!L45 -> 0
A46: 5 | B46: DM21_147071104134_SANBORN HERMANOS SA*TDA RESTAU | C46: ='P317202504-SBV-ABR25 compensado'!C102+'P317202504-SBV-ABR25 compensado'!C46 -> 0 | D46: ='P317202504-SBV-ABR25 compensado'!D102+'P317202504-SBV-ABR25 compensado'!D46 -> 49434 | E46: ='P317202504-SBV-ABR25 compensado'!E102+'P317202504-SBV-ABR25 compensado'!E46 -> 5383 | F46: ='P317202504-SBV-ABR25 compensado'!F102+'P317202504-SBV-ABR25 compensado'!F46 -> 0 | G46: ='P317202504-SBV-ABR25 compensado'!G102+'P317202504-SBV-ABR25 compensado'!G46 -> 54816 | H46: =MAX('P317202504-SBV-ABR25 compensado'!H102,'P317202504-SBV-ABR25 compensado'!H46) -> 169 | I46: =MAX('P317202504-SBV-ABR25 compensado'!I102,'P317202504-SBV-ABR25 compensado'!I46) -> 169 | J46: =MAX('P317202504-SBV-ABR25 compensado'!J102,'P317202504-SBV-ABR25 compensado'!J46) -> 169 | K46: =MAX('P317202504-SBV-ABR25 compensado'!K102,'P317202504-SBV-ABR25 compensado'!K46) -> 0 | L46: ='P317202504-SBV-ABR25 compensado'!L102+'P317202504-SBV-ABR25 compensado'!L46 -> 0
A47: 6 | B47: DL10_573700101479_SANBORN HERMANOS S A | C47: ='P317202504-SBV-ABR25 compensado'!C103+'P317202504-SBV-ABR25 compensado'!C47 -> 0 | D47: ='P317202504-SBV-ABR25 compensado'!D103+'P317202504-SBV-ABR25 compensado'!D47 -> 18988 | E47: ='P317202504-SBV-ABR25 compensado'!E103+'P317202504-SBV-ABR25 compensado'!E47 -> 2144 | F47: ='P317202504-SBV-ABR25 compensado'!F103+'P317202504-SBV-ABR25 compensado'!F47 -> 0 | G47: ='P317202504-SBV-ABR25 compensado'!G103+'P317202504-SBV-ABR25 compensado'!G47 -> 21132 | H47: =MAX('P317202504-SBV-ABR25 compensado'!H103,'P317202504-SBV-ABR25 compensado'!H47) -> 57 | I47: =MAX('P317202504-SBV-ABR25 compensado'!I103,'P317202504-SBV-ABR25 compensado'!I47) -> 57 | J47: =MAX('P317202504-SBV-ABR25 compensado'!J103,'P317202504-SBV-ABR25 compensado'!J47) -> 57 | K47: =MAX('P317202504-SBV-ABR25 compensado'!K103,'P317202504-SBV-ABR25 compensado'!K47) -> 0 | L47: ='P317202504-SBV-ABR25 compensado'!L103+'P317202504-SBV-ABR25 compensado'!L47 -> 0
A48: 7 | B48: DM24_980121000592_SEARS OPERADORA MEX SA DE CV | C48: ='P317202504-SBV-ABR25 compensado'!C104+'P317202504-SBV-ABR25 compensado'!C48 -> 0 | D48: ='P317202504-SBV-ABR25 compensado'!D104+'P317202504-SBV-ABR25 compensado'!D48 -> 0 | E48: ='P317202504-SBV-ABR25 compensado'!E104+'P317202504-SBV-ABR25 compensado'!E48 -> 2140 | F48: ='P317202504-SBV-ABR25 compensado'!F104+'P317202504-SBV-ABR25 compensado'!F48 -> 0 | G48: ='P317202504-SBV-ABR25 compensado'!G104+'P317202504-SBV-ABR25 compensado'!G48 -> 2140 | H48: =MAX('P317202504-SBV-ABR25 compensado'!H104,'P317202504-SBV-ABR25 compensado'!H48) -> 270 | I48: =MAX('P317202504-SBV-ABR25 compensado'!I104,'P317202504-SBV-ABR25 compensado'!I48) -> 336 | J48: =MAX('P317202504-SBV-ABR25 compensado'!J104,'P317202504-SBV-ABR25 compensado'!J48) -> 271 | K48: =MAX('P317202504-SBV-ABR25 compensado'!K104,'P317202504-SBV-ABR25 compensado'!K48) -> 0 | L48: ='P317202504-SBV-ABR25 compensado'!L104+'P317202504-SBV-ABR25 compensado'!L48 -> 0
B49: RESPALDO POR CARGA
A50: 1 | B50: DM24_988121001107_SANBORN HERMANOS SA | C50: ='P317202504-SBV-ABR25 compensado'!C106+'P317202504-SBV-ABR25 compensado'!C50 -> 0 | D50: ='P317202504-SBV-ABR25 compensado'!D106+'P317202504-SBV-ABR25 compensado'!D50 -> 0 | E50: ='P317202504-SBV-ABR25 compensado'!E106+'P317202504-SBV-ABR25 compensado'!E50 -> 0 | F50: ='P317202504-SBV-ABR25 compensado'!F106+'P317202504-SBV-ABR25 compensado'!F50 -> 0 | G50: ='P317202504-SBV-ABR25 compensado'!G106+'P317202504-SBV-ABR25 compensado'!G50 -> 0 | H50: =MAX('P317202504-SBV-ABR25 compensado'!H106,'P317202504-SBV-ABR25 compensado'!H50) -> 0 | I50: =MAX('P317202504-SBV-ABR25 compensado'!I106,'P317202504-SBV-ABR25 compensado'!I50) -> 0 | J50: =MAX('P317202504-SBV-ABR25 compensado'!J106,'P317202504-SBV-ABR25 compensado'!J50) -> 0 | K50: =MAX('P317202504-SBV-ABR25 compensado'!K106,'P317202504-SBV-ABR25 compensado'!K50) -> 0 | L50: ='P317202504-SBV-ABR25 compensado'!L106+'P317202504-SBV-ABR25 compensado'!L50 -> 0
A51: 2 | B51: DL70_140110900810_SEARS OPERADORA MEXICO SA D CV | C51: ='P317202504-SBV-ABR25 compensado'!C107+'P317202504-SBV-ABR25 compensado'!C51 -> 0 | D51: ='P317202504-SBV-ABR25 compensado'!D107+'P317202504-SBV-ABR25 compensado'!D51 -> 0 | E51: ='P317202504-SBV-ABR25 compensado'!E107+'P317202504-SBV-ABR25 compensado'!E51 -> 0 | F51: ='P317202504-SBV-ABR25 compensado'!F107+'P317202504-SBV-ABR25 compensado'!F51 -> 0 | G51: ='P317202504-SBV-ABR25 compensado'!G107+'P317202504-SBV-ABR25 compensado'!G51 -> 0 | H51: =MAX('P317202504-SBV-ABR25 compensado'!H107,'P317202504-SBV-ABR25 compensado'!H51) -> 0 | I51: =MAX('P317202504-SBV-ABR25 compensado'!I107,'P317202504-SBV-ABR25 compensado'!I51) -> 0 | J51: =MAX('P317202504-SBV-ABR25 compensado'!J107,'P317202504-SBV-ABR25 compensado'!J51) -> 0 | K51: =MAX('P317202504-SBV-ABR25 compensado'!K107,'P317202504-SBV-ABR25 compensado'!K51) -> 0 | L51: ='P317202504-SBV-ABR25 compensado'!L107+'P317202504-SBV-ABR25 compensado'!L51 -> 0
A52: 3 | B52: DL10_573900901933_SEARS OPERADORA MEXICO SADECV | C52: ='P317202504-SBV-ABR25 compensado'!C108+'P317202504-SBV-ABR25 compensado'!C52 -> 0 | D52: ='P317202504-SBV-ABR25 compensado'!D108+'P317202504-SBV-ABR25 compensado'!D52 -> 0 | E52: ='P317202504-SBV-ABR25 compensado'!E108+'P317202504-SBV-ABR25 compensado'!E52 -> 0 | F52: ='P317202504-SBV-ABR25 compensado'!F108+'P317202504-SBV-ABR25 compensado'!F52 -> 0 | G52: ='P317202504-SBV-ABR25 compensado'!G108+'P317202504-SBV-ABR25 compensado'!G52 -> 0 | H52: =MAX('P317202504-SBV-ABR25 compensado'!H108,'P317202504-SBV-ABR25 compensado'!H52) -> 0 | I52: =MAX('P317202504-SBV-ABR25 compensado'!I108,'P317202504-SBV-ABR25 compensado'!I52) -> 0 | J52: =MAX('P317202504-SBV-ABR25 compensado'!J108,'P317202504-SBV-ABR25 compensado'!J52) -> 0 | K52: =MAX('P317202504-SBV-ABR25 compensado'!K108,'P317202504-SBV-ABR25 compensado'!K52) -> 0 | L52: ='P317202504-SBV-ABR25 compensado'!L108+'P317202504-SBV-ABR25 compensado'!L52 -> 0
A53: 4 | B53: DM21_147980903088_SEARS OPERADORA MEXICO SA CV | C53: ='P317202504-SBV-ABR25 compensado'!C109+'P317202504-SBV-ABR25 compensado'!C53 -> 0 | D53: ='P317202504-SBV-ABR25 compensado'!D109+'P317202504-SBV-ABR25 compensado'!D53 -> 0 | E53: ='P317202504-SBV-ABR25 compensado'!E109+'P317202504-SBV-ABR25 compensado'!E53 -> 0 | F53: ='P317202504-SBV-ABR25 compensado'!F109+'P317202504-SBV-ABR25 compensado'!F53 -> 0 | G53: ='P317202504-SBV-ABR25 compensado'!G109+'P317202504-SBV-ABR25 compensado'!G53 -> 0 | H53: =MAX('P317202504-SBV-ABR25 compensado'!H109,'P317202504-SBV-ABR25 compensado'!H53) -> 0 | I53: =MAX('P317202504-SBV-ABR25 compensado'!I109,'P317202504-SBV-ABR25 compensado'!I53) -> 0 | J53: =MAX('P317202504-SBV-ABR25 compensado'!J109,'P317202504-SBV-ABR25 compensado'!J53) -> 0 | K53: =MAX('P317202504-SBV-ABR25 compensado'!K109,'P317202504-SBV-ABR25 compensado'!K53) -> 0 | L53: ='P317202504-SBV-ABR25 compensado'!L109+'P317202504-SBV-ABR25 compensado'!L53 -> 0
A54: 5 | B54: DM21_147071104134_SANBORN HERMANOS SA*TDA RESTAU | C54: ='P317202504-SBV-ABR25 compensado'!C110+'P317202504-SBV-ABR25 compensado'!C54 -> 0 | D54: ='P317202504-SBV-ABR25 compensado'!D110+'P317202504-SBV-ABR25 compensado'!D54 -> 0 | E54: ='P317202504-SBV-ABR25 compensado'!E110+'P317202504-SBV-ABR25 compensado'!E54 -> 0 | F54: ='P317202504-SBV-ABR25 compensado'!F110+'P317202504-SBV-ABR25 compensado'!F54 -> 0 | G54: ='P317202504-SBV-ABR25 compensado'!G110+'P317202504-SBV-ABR25 compensado'!G54 -> 0 | H54: =MAX('P317202504-SBV-ABR25 compensado'!H110,'P317202504-SBV-ABR25 compensado'!H54) -> 0 | I54: =MAX('P317202504-SBV-ABR25 compensado'!I110,'P317202504-SBV-ABR25 compensado'!I54) -> 0 | J54: =MAX('P317202504-SBV-ABR25 compensado'!J110,'P317202504-SBV-ABR25 compensado'!J54) -> 0 | K54: =MAX('P317202504-SBV-ABR25 compensado'!K110,'P317202504-SBV-ABR25 compensado'!K54) -> 0 | L54: ='P317202504-SBV-ABR25 compensado'!L110+'P317202504-SBV-ABR25 compensado'!L54 -> 0
A55: 6 | B55: DL10_573700101479_SANBORN HERMANOS S A | C55: ='P317202504-SBV-ABR25 compensado'!C111+'P317202504-SBV-ABR25 compensado'!C55 -> 0 | D55: ='P317202504-SBV-ABR25 compensado'!D111+'P317202504-SBV-ABR25 compensado'!D55 -> 0 | E55: ='P317202504-SBV-ABR25 compensado'!E111+'P317202504-SBV-ABR25 compensado'!E55 -> 0 | F55: ='P317202504-SBV-ABR25 compensado'!F111+'P317202504-SBV-ABR25 compensado'!F55 -> 0 | G55: ='P317202504-SBV-ABR25 compensado'!G111+'P317202504-SBV-ABR25 compensado'!G55 -> 0 | H55: =MAX('P317202504-SBV-ABR25 compensado'!H111,'P317202504-SBV-ABR25 compensado'!H55) -> 0 | I55: =MAX('P317202504-SBV-ABR25 compensado'!I111,'P317202504-SBV-ABR25 compensado'!I55) -> 0 | J55: =MAX('P317202504-SBV-ABR25 compensado'!J111,'P317202504-SBV-ABR25 compensado'!J55) -> 0 | K55: =MAX('P317202504-SBV-ABR25 compensado'!K111,'P317202504-SBV-ABR25 compensado'!K55) -> 0 | L55: ='P317202504-SBV-ABR25 compensado'!L111+'P317202504-SBV-ABR25 compensado'!L55 -> 0
A56: 7 | B56: DM24_980121000592_SEARS OPERADORA MEX SA DE CV | C56: ='P317202504-SBV-ABR25 compensado'!C112+'P317202504-SBV-ABR25 compensado'!C56 -> 0 | D56: ='P317202504-SBV-ABR25 compensado'!D112+'P317202504-SBV-ABR25 compensado'!D56 -> 0 | E56: ='P317202504-SBV-ABR25 compensado'!E112+'P317202504-SBV-ABR25 compensado'!E56 -> 0 | F56: ='P317202504-SBV-ABR25 compensado'!F112+'P317202504-SBV-ABR25 compensado'!F56 -> 0 | G56: ='P317202504-SBV-ABR25 compensado'!G112+'P317202504-SBV-ABR25 compensado'!G56 -> 0 | H56: =MAX('P317202504-SBV-ABR25 compensado'!H112,'P317202504-SBV-ABR25 compensado'!H56) -> 0 | I56: =MAX('P317202504-SBV-ABR25 compensado'!I112,'P317202504-SBV-ABR25 compensado'!I56) -> 0 | J56: =MAX('P317202504-SBV-ABR25 compensado'!J112,'P317202504-SBV-ABR25 compensado'!J56) -> 0 | K56: =MAX('P317202504-SBV-ABR25 compensado'!K112,'P317202504-SBV-ABR25 compensado'!K56) -> 0 | L56: ='P317202504-SBV-ABR25 compensado'!L112+'P317202504-SBV-ABR25 compensado'!L56 -> 0
